,Purchases,day_engaged,Acceptance,Family,Income_Category_lower,Income_Category_middle,Income_Category_upper_middle,Income_Category_upper,Customer_Segment_Millennial,Customer_Segment_Gen X,Customer_Segment_Boomer,Customer_Segment_Silent,Education_Grad,Education_PostGrad,Education_Undergrad,clusters
0,25,849,0,1,0,0,1,0,0,0,1,0,1,0,0,2
1,6,299,0,3,0,1,0,0,0,0,1,0,1,0,0,1
2,21,498,0,2,0,0,1,0,0,0,1,0,1,0,0,0
3,8,325,0,3,1,0,0,0,1,0,0,0,1,0,0,1
4,19,347,0,3,0,0,1,0,0,1,0,0,0,1,0,1
5,22,479,0,3,0,0,1,0,0,0,1,0,0,1,0,0
6,21,779,0,2,0,1,0,0,0,1,0,0,1,0,0,2
7,10,603,0,3,0,1,0,0,1,0,0,0,0,1,0,0
8,6,574,0,3,0,1,0,0,0,1,0,0,0,1,0,0
9,2,294,1,4,1,0,0,0,0,0,0,1,0,1,0,1
10,4,412,0,3,0,1,0,0,1,0,0,0,1,0,0,1
11,6,779,0,2,1,0,0,0,0,1,0,0,0,0,1,2
12,16,412,0,1,0,0,1,0,0,0,1,0,1,0,0,1
13,15,412,0,3,0,0,1,0,0,0,0,1,0,1,0,1
14,5,813,0,2,1,0,0,0,1,0,0,0,1,0,0,2
15,26,768,2,1,0,0,1,0,0,0,0,1,0,1,0,2
16,9,738,0,4,0,1,0,0,0,1,0,0,1,0,0,2
17,13,853,0,2,0,1,0,0,0,0,0,1,1,0,0,2
18,26,644,1,3,0,0,1,0,0,0,0,1,0,1,0,0
19,8,789,0,2,0,1,0,0,1,0,0,0,0,1,0,2
20,12,876,0,2,0,1,0,0,1,0,0,0,1,0,0,2
21,43,725,0,3,1,0,0,0,0,1,0,0,1,0,0,2
22,17,739,1,3,0,0,1,0,0,0,0,1,0,1,0,2
23,20,355,0,3,0,0,1,0,0,0,1,0,0,1,0,1
24,20,654,0,3,0,1,0,0,0,0,0,1,1,0,0,2
25,8,729,0,1,1,0,0,0,0,1,0,0,1,0,0,2
26,14,584,0,4,0,1,0,0,0,1,0,0,1,0,0,0
27,27,680,0,2,0,1,0,0,1,0,0,0,1,0,0,2
28,9,580,0,3,0,1,0,0,1,0,0,0,1,0,0,0
29,26,405,1,2,0,0,1,0,0,0,1,0,0,1,0,1
30,8,224,0,1,1,0,0,0,1,0,0,0,0,1,0,1
31,11,600,0,2,0,1,0,0,0,0,1,0,0,1,0,0
32,9,813,1,3,0,1,0,0,0,1,0,0,1,0,0,2
33,17,794,0,3,0,1,0,0,0,0,0,1,0,1,0,2
34,18,680,0,2,0,0,1,0,0,0,0,1,0,1,0,2
35,6,490,0,3,0,1,0,0,0,0,0,1,0,1,0,0
36,28,366,0,3,0,0,1,0,0,1,0,0,0,1,0,1
37,9,486,0,3,1,0,0,0,0,1,0,0,0,1,0,0
38,7,324,0,2,0,1,0,0,0,1,0,0,1,0,0,1
39,24,699,1,1,0,1,0,0,0,0,0,1,0,1,0,2
40,21,612,0,3,0,0,1,0,0,1,0,0,1,0,0,0
41,7,660,0,3,1,0,0,0,1,0,0,0,0,1,0,2
42,4,738,0,3,1,0,0,0,0,0,1,0,1,0,0,2
43,9,422,0,1,0,1,0,0,0,0,1,0,0,1,0,0
44,8,456,0,3,1,0,0,0,0,1,0,0,0,1,0,0
45,16,187,0,1,0,0,1,0,0,1,0,0,1,0,0,1
46,10,783,0,2,1,0,0,0,1,0,0,0,0,1,0,2
47,5,587,0,3,0,1,0,0,0,1,0,0,1,0,0,0
48,10,365,0,4,0,1,0,0,0,0,0,1,1,0,0,1
49,28,784,0,4,0,0,1,0,0,0,1,0,0,1,0,2
50,17,234,0,2,0,0,1,0,0,0,1,0,1,0,0,1
51,29,873,0,2,0,0,1,0,0,0,1,0,0,1,0,2
52,7,729,0,2,0,1,0,0,0,1,0,0,1,0,0,2
53,21,208,2,1,0,0,1,0,0,1,0,0,1,0,0,1
54,23,568,0,4,0,0,1,0,0,1,0,0,1,0,0,0
55,27,773,1,2,0,0,1,0,0,0,1,0,0,1,0,2
56,21,639,0,1,0,0,1,0,0,0,1,0,1,0,0,0
57,6,248,0,2,1,0,0,0,1,0,0,0,1,0,0,1
58,7,563,0,2,0,1,0,0,1,0,0,0,1,0,0,0
59,19,304,0,3,0,1,0,0,0,1,0,0,0,1,0,1
60,21,546,2,1,0,0,1,0,1,0,0,0,0,1,0,0
61,22,846,0,4,0,0,1,0,0,1,0,0,1,0,0,2
62,24,682,0,2,0,0,1,0,0,0,0,1,1,0,0,2
63,19,569,0,2,0,0,1,0,0,0,0,1,0,1,0,0
64,16,391,0,2,0,0,1,0,0,0,0,1,1,0,0,1
65,5,590,0,3,1,0,0,0,0,1,0,0,1,0,0,0
66,4,235,0,4,0,1,0,0,0,0,1,0,1,0,0,1
67,32,288,2,2,0,0,0,1,0,1,0,0,0,1,0,1
68,18,461,0,3,0,0,1,0,0,0,1,0,1,0,0,0
69,19,633,0,5,0,0,1,0,0,1,0,0,1,0,0,0
70,21,842,0,2,0,0,1,0,0,0,1,0,0,1,0,2
71,9,839,0,3,0,1,0,0,0,1,0,0,0,1,0,2
72,30,655,0,3,0,0,1,0,0,0,1,0,1,0,0,2
73,24,636,1,4,0,0,1,0,0,1,0,0,0,1,0,0
74,8,246,0,2,1,0,0,0,0,0,0,1,1,0,0,1
75,4,743,0,2,0,1,0,0,0,1,0,0,1,0,0,2
76,19,857,0,2,0,0,1,0,0,1,0,0,0,1,0,2
77,22,811,1,1,0,0,1,0,0,1,0,0,1,0,0,2
78,4,484,0,2,1,0,0,0,0,1,0,0,0,1,0,0
79,21,729,1,2,0,1,0,0,0,0,1,0,1,0,0,2
80,12,855,0,2,0,1,0,0,1,0,0,0,1,0,0,2
81,4,557,0,3,1,0,0,0,0,1,0,0,1,0,0,0
82,9,547,0,3,1,0,0,0,0,1,0,0,0,1,0,0
83,11,600,0,2,0,1,0,0,0,0,1,0,0,1,0,0
84,27,310,0,1,0,0,1,0,1,0,0,0,1,0,0,1
85,7,508,0,4,1,0,0,0,0,0,1,0,1,0,0,0
86,13,534,1,4,0,1,0,0,0,1,0,0,0,1,0,0
87,17,218,2,2,0,1,0,0,0,0,1,0,1,0,0,1
88,19,234,1,2,0,0,1,0,0,1,0,0,1,0,0,1
89,10,345,0,3,0,1,0,0,0,0,1,0,1,0,0,1
90,29,773,0,5,0,1,0,0,0,0,1,0,0,1,0,2
91,4,219,0,3,0,1,0,0,0,0,1,0,1,0,0,1
92,15,404,0,2,0,1,0,0,0,1,0,0,0,1,0,1
93,5,284,0,2,0,1,0,0,0,1,0,0,0,1,0,1
94,10,222,0,3,1,0,0,0,0,1,0,0,0,1,0,1
95,6,224,0,3,0,1,0,0,1,0,0,0,1,0,0,1
96,22,770,1,2,0,1,0,0,0,0,1,0,1,0,0,2
97,7,630,0,3,0,1,0,0,0,1,0,0,1,0,0,0
98,25,396,1,2,0,0,1,0,0,0,0,1,0,1,0,1
99,16,560,0,2,0,1,0,0,1,0,0,0,0,1,0,0
100,7,527,0,2,0,1,0,0,0,0,1,0,0,1,0,0
101,7,277,0,2,0,1,0,0,0,0,1,0,0,1,0,1
102,27,621,0,3,0,0,1,0,0,1,0,0,1,0,0,0
103,16,594,0,2,0,0,1,0,0,0,0,1,0,1,0,0
104,20,238,0,2,0,0,0,1,0,0,1,0,1,0,0,1
105,5,387,0,3,1,0,0,0,0,1,0,0,0,0,1,1
106,13,464,0,4,0,1,0,0,0,0,1,0,1,0,0,0
107,26,698,0,4,0,1,0,0,0,1,0,0,1,0,0,2
108,9,743,0,2,0,1,0,0,0,1,0,0,1,0,0,2
109,14,755,0,2,0,0,0,1,0,0,1,0,0,1,0,2
110,24,425,0,3,0,0,1,0,0,1,0,0,1,0,0,0
111,17,782,1,1,0,0,1,0,1,0,0,0,0,1,0,2
112,20,190,1,3,0,1,0,0,0,0,1,0,0,1,0,1
113,25,729,2,1,0,0,0,1,1,0,0,0,1,0,0,2
114,21,750,0,3,0,1,0,0,0,1,0,0,0,1,0,2
115,8,478,0,3,0,1,0,0,0,0,1,0,1,0,0,0
116,15,342,2,2,0,0,0,1,0,1,0,0,1,0,0,1
117,20,681,0,3,0,1,0,0,0,1,0,0,0,1,0,2
118,7,539,0,4,0,1,0,0,0,0,1,0,0,1,0,0
119,7,413,0,3,1,0,0,0,0,1,0,0,1,0,0,1
120,22,560,0,3,0,1,0,0,0,0,0,1,0,1,0,0
121,9,311,0,2,0,1,0,0,0,0,1,0,0,1,0,1
122,6,484,0,4,1,0,0,0,1,0,0,0,0,1,0,0
123,5,619,0,2,0,1,0,0,0,1,0,0,1,0,0,0
124,27,660,3,1,0,0,0,1,1,0,0,0,1,0,0,2
125,16,682,0,2,0,0,1,0,0,0,1,0,0,1,0,2
126,16,620,0,1,0,0,1,0,1,0,0,0,1,0,0,0
127,8,207,0,4,0,1,0,0,0,0,0,1,0,1,0,1
128,17,539,0,3,0,1,0,0,0,0,1,0,0,1,0,0
129,23,236,0,4,0,0,1,0,0,0,1,0,0,1,0,1
130,19,458,0,3,0,0,1,0,0,0,0,1,1,0,0,0
131,23,662,0,3,0,0,1,0,0,0,1,0,0,1,0,2
132,19,325,0,2,0,0,1,0,0,1,0,0,1,0,0,1
133,19,508,0,3,0,1,0,0,0,0,1,0,1,0,0,0
134,16,505,0,4,0,1,0,0,0,0,1,0,0,1,0,0
135,23,655,1,2,0,0,1,0,0,0,1,0,0,1,0,2
136,6,876,0,2,1,0,0,0,0,1,0,0,0,0,1,2
137,9,543,0,5,0,1,0,0,0,0,1,0,0,1,0,0
138,6,227,1,3,0,1,0,0,0,1,0,0,0,1,0,1
139,7,522,0,3,0,1,0,0,0,0,1,0,0,1,0,0
140,22,804,0,1,0,0,0,1,1,0,0,0,0,1,0,2
141,17,413,0,3,0,0,1,0,0,1,0,0,0,1,0,1
142,23,622,0,2,0,0,0,1,0,0,1,0,1,0,0,0
143,25,491,0,2,0,0,1,0,0,1,0,0,0,1,0,0
144,12,653,0,3,0,1,0,0,1,0,0,0,1,0,0,2
145,15,805,0,4,0,0,1,0,0,1,0,0,1,0,0,2
146,6,795,0,3,1,0,0,0,0,1,0,0,1,0,0,2
147,4,491,0,3,0,1,0,0,0,1,0,0,1,0,0,0
148,16,862,0,5,0,1,0,0,0,1,0,0,0,1,0,2
149,8,194,0,2,0,1,0,0,0,0,1,0,0,1,0,1
150,16,252,0,4,0,0,1,0,0,0,0,1,0,1,0,1
151,19,300,1,3,0,0,1,0,0,1,0,0,1,0,0,1
152,17,748,0,3,0,1,0,0,0,1,0,0,0,1,0,2
153,11,234,0,2,0,1,0,0,1,0,0,0,1,0,0,1
154,26,814,0,3,0,0,1,0,0,0,0,1,0,1,0,2
155,21,681,2,2,0,0,1,0,0,0,0,1,1,0,0,2
156,15,542,0,2,0,1,0,0,0,0,1,0,1,0,0,0
157,4,476,0,4,0,0,1,0,0,1,0,0,1,0,0,0
158,9,441,0,3,0,1,0,0,0,1,0,0,1,0,0,0
159,18,499,0,1,0,0,1,0,0,0,1,0,1,0,0,0
160,4,549,0,4,0,1,0,0,0,0,1,0,0,1,0,0
161,27,787,0,2,0,0,1,0,0,0,0,1,0,1,0,2
162,11,361,0,3,1,0,0,0,1,0,0,0,1,0,0,1
163,20,610,0,1,0,0,1,0,0,1,0,0,0,1,0,0
164,9,414,0,5,0,1,0,0,0,0,1,0,1,0,0,1
165,18,409,1,1,0,0,1,0,0,0,0,1,1,0,0,1
166,12,491,1,1,0,1,0,0,0,0,1,0,1,0,0,0
167,15,425,0,1,0,0,1,0,1,0,0,0,1,0,0,0
168,9,310,0,4,1,0,0,0,0,0,1,0,1,0,0,1
169,6,255,0,4,0,1,0,0,0,0,1,0,1,0,0,1
170,7,537,0,3,1,0,0,0,1,0,0,0,1,0,0,0
171,8,255,0,4,0,1,0,0,0,1,0,0,1,0,0,1
172,8,336,0,4,0,1,0,0,0,0,1,0,0,1,0,1
173,7,272,1,2,0,1,0,0,0,0,1,0,1,0,0,1
174,28,841,0,3,0,0,1,0,0,1,0,0,0,1,0,2
175,25,746,2,2,0,0,1,0,0,0,0,1,0,1,0,2
176,7,223,0,4,0,1,0,0,0,1,0,0,0,1,0,1
177,4,191,0,5,0,1,0,0,0,0,1,0,1,0,0,1
178,25,396,1,2,0,0,1,0,0,0,0,1,0,1,0,1
179,10,235,0,3,0,1,0,0,0,1,0,0,0,1,0,1
180,9,236,0,3,1,0,0,0,1,0,0,0,0,1,0,1
181,24,460,0,2,0,0,1,0,0,0,0,1,0,1,0,0
182,6,344,0,3,0,1,0,0,1,0,0,0,0,1,0,1
183,6,200,0,2,1,0,0,0,0,0,1,0,0,0,1,1
184,5,757,0,3,1,0,0,0,1,0,0,0,1,0,0,2
185,7,299,0,2,0,1,0,0,0,1,0,0,0,1,0,1
186,18,517,0,3,0,0,1,0,0,0,1,0,1,0,0,0
187,24,653,0,2,0,0,1,0,0,1,0,0,1,0,0,2
188,7,677,0,4,0,1,0,0,0,0,1,0,0,1,0,2
189,5,844,1,3,1,0,0,0,0,1,0,0,0,0,1,2
190,28,594,0,2,0,0,1,0,1,0,0,0,0,1,0,0
191,8,581,0,3,0,1,0,0,1,0,0,0,1,0,0,0
192,16,682,0,4,0,1,0,0,0,1,0,0,1,0,0,2
193,6,368,0,4,0,1,0,0,0,1,0,0,1,0,0,1
194,23,233,0,2,0,0,1,0,0,1,0,0,0,1,0,1
195,17,469,1,2,0,0,1,0,0,0,1,0,1,0,0,0
196,17,714,0,2,0,0,0,1,0,0,1,0,1,0,0,2
197,15,276,1,3,0,1,0,0,0,1,0,0,0,1,0,1
198,19,186,1,2,0,0,1,0,0,0,0,1,1,0,0,1
199,18,388,0,1,0,0,1,0,0,1,0,0,1,0,0,1
200,29,444,0,2,0,0,1,0,0,1,0,0,1,0,0,0
201,26,790,3,2,0,0,0,1,0,1,0,0,0,1,0,2
202,6,533,0,3,0,1,0,0,0,0,1,0,0,1,0,0
203,4,782,1,1,1,0,0,0,1,0,0,0,0,1,0,2
204,5,389,1,3,1,0,0,0,1,0,0,0,1,0,0,1
205,17,598,0,3,0,1,0,0,0,0,1,0,0,1,0,0
206,6,207,0,3,0,1,0,0,0,0,1,0,1,0,0,1
207,29,843,1,2,0,0,1,0,0,0,1,0,1,0,0,2
208,15,641,0,3,0,1,0,0,0,0,1,0,1,0,0,0
209,20,289,0,2,0,0,1,0,0,0,1,0,1,0,0,1
210,19,818,0,4,0,1,0,0,0,1,0,0,0,1,0,2
211,26,710,0,4,0,1,0,0,0,1,0,0,0,1,0,2
212,17,607,0,2,0,0,1,0,1,0,0,0,1,0,0,0
213,20,275,0,3,0,1,0,0,0,1,0,0,1,0,0,1
214,4,234,0,4,0,1,0,0,0,1,0,0,0,1,0,1
215,25,412,2,2,0,0,1,0,0,0,0,1,0,1,0,1
216,12,488,0,2,0,1,0,0,0,0,1,0,0,1,0,0
217,28,778,0,3,0,0,1,0,0,1,0,0,1,0,0,2
218,7,265,0,3,0,1,0,0,1,0,0,0,0,1,0,1
219,16,413,0,2,0,0,1,0,0,1,0,0,1,0,0,1
220,22,262,0,4,0,0,1,0,0,1,0,0,0,1,0,1
221,13,726,0,3,0,1,0,0,0,1,0,0,0,1,0,2
222,32,845,0,2,0,0,1,0,0,0,1,0,1,0,0,2
223,12,646,0,3,0,1,0,0,0,1,0,0,1,0,0,0
224,16,798,0,3,0,1,0,0,0,1,0,0,1,0,0,2
225,18,753,0,2,0,1,0,0,0,0,0,1,1,0,0,2
226,17,876,0,2,0,0,1,0,0,1,0,0,0,1,0,2
227,4,319,0,3,0,1,0,0,1,0,0,0,0,1,0,1
228,23,652,0,3,0,1,0,0,0,0,1,0,1,0,0,2
229,14,726,1,2,0,0,1,0,0,0,1,0,0,1,0,2
230,4,596,0,3,0,1,0,0,0,1,0,0,1,0,0,0
231,5,260,0,1,1,0,0,0,0,0,0,1,1,0,0,1
232,29,649,0,3,0,0,1,0,0,0,1,0,0,1,0,0
233,8,388,0,3,1,0,0,0,0,1,0,0,0,1,0,1
234,5,393,0,3,1,0,0,0,1,0,0,0,0,1,0,1
235,19,454,0,2,0,0,1,0,0,0,1,0,0,1,0,0
236,11,371,0,2,1,0,0,0,0,1,0,0,1,0,0,1
237,22,430,1,1,0,0,1,0,0,1,0,0,1,0,0,0
238,16,739,0,3,0,0,1,0,0,0,1,0,1,0,0,2
239,5,519,0,2,1,0,0,0,0,1,0,0,1,0,0,0
240,22,399,1,2,0,0,1,0,1,0,0,0,1,0,0,1
241,31,867,0,3,0,0,1,0,0,0,1,0,1,0,0,2
242,6,210,0,4,0,1,0,0,0,0,1,0,0,1,0,1
243,16,591,3,3,0,0,1,0,0,1,0,0,1,0,0,0
244,21,722,0,3,0,0,1,0,0,0,0,1,1,0,0,2
245,20,853,0,2,0,0,1,0,1,0,0,0,0,1,0,2
246,25,794,0,3,0,0,1,0,0,1,0,0,0,1,0,2
247,7,472,0,2,0,1,0,0,0,1,0,0,0,1,0,0
248,6,431,0,2,0,1,0,0,1,0,0,0,1,0,0,0
249,29,636,4,1,0,0,0,1,0,1,0,0,1,0,0,0
250,11,831,0,2,1,0,0,0,0,0,1,0,0,1,0,2
251,26,855,0,4,0,0,1,0,0,0,1,0,1,0,0,2
252,6,810,0,2,0,1,0,0,0,1,0,0,0,1,0,2
253,19,807,1,3,0,0,1,0,0,0,1,0,0,1,0,2
254,16,801,0,2,0,1,0,0,0,0,1,0,1,0,0,2
255,10,576,0,3,1,0,0,0,0,0,1,0,1,0,0,0
256,4,389,0,4,0,1,0,0,0,0,1,0,0,1,0,1
257,6,813,1,2,1,0,0,0,0,1,0,0,1,0,0,2
258,25,589,0,3,0,0,1,0,0,1,0,0,0,1,0,0
259,15,198,0,3,0,1,0,0,0,1,0,0,0,1,0,1
260,4,769,0,3,0,1,0,0,0,1,0,0,0,1,0,2
261,17,697,0,4,0,1,0,0,0,0,0,1,0,1,0,2
262,11,658,0,4,0,1,0,0,0,0,1,0,0,1,0,2
263,19,189,1,2,0,0,1,0,0,0,1,0,1,0,0,1
264,11,808,1,4,0,1,0,0,0,1,0,0,0,1,0,2
265,13,561,0,2,0,0,1,0,0,1,0,0,1,0,0,0
266,8,454,0,3,1,0,0,0,0,1,0,0,1,0,0,0
267,14,831,0,1,0,0,1,0,0,0,0,1,1,0,0,2
268,10,287,0,2,0,1,0,0,1,0,0,0,0,1,0,1
269,12,331,0,3,0,0,1,0,0,1,0,0,0,1,0,1
270,10,270,0,4,1,0,0,0,0,0,1,0,1,0,0,1
271,9,694,0,3,0,1,0,0,0,0,1,0,1,0,0,2
272,23,472,0,3,0,0,1,0,0,0,1,0,0,1,0,0
273,23,714,0,1,0,0,1,0,0,0,1,0,1,0,0,2
274,12,246,0,2,0,0,1,0,0,1,0,0,0,1,0,1
275,17,639,1,1,0,0,1,0,1,0,0,0,0,1,0,0
276,22,620,0,2,0,0,1,0,0,1,0,0,0,1,0,0
277,10,689,0,3,1,0,0,0,0,1,0,0,0,0,1,2
278,16,798,0,3,0,1,0,0,0,1,0,0,1,0,0,2
279,13,853,0,2,0,1,0,0,0,0,0,1,1,0,0,2
280,15,306,0,3,0,0,1,0,0,1,0,0,0,1,0,1
281,7,259,0,4,0,1,0,0,0,1,0,0,0,1,0,1
282,7,538,0,3,0,1,0,0,0,1,0,0,1,0,0,0
283,23,702,0,2,0,0,1,0,0,0,0,1,1,0,0,2
284,33,723,0,4,0,1,0,0,0,0,1,0,0,1,0,2
285,22,234,0,1,0,0,1,0,0,0,1,0,1,0,0,1
286,16,567,0,1,0,1,0,0,0,0,0,1,0,1,0,0
287,5,546,1,2,0,1,0,0,1,0,0,0,0,1,0,0
288,10,370,0,3,0,1,0,0,0,1,0,0,1,0,0,1
289,19,792,1,2,0,0,1,0,0,1,0,0,1,0,0,2
290,9,351,0,4,1,0,0,0,0,1,0,0,1,0,0,1
291,4,660,0,4,1,0,0,0,0,0,1,0,1,0,0,2
292,23,861,2,3,0,1,0,0,0,0,0,1,0,1,0,2
293,5,665,0,2,0,1,0,0,1,0,0,0,0,1,0,2
294,7,718,0,3,0,1,0,0,1,0,0,0,0,1,0,2
295,12,719,0,1,0,0,1,0,1,0,0,0,1,0,0,2
296,28,290,1,2,0,0,1,0,0,0,1,0,0,1,0,1
297,11,260,0,3,0,1,0,0,0,0,1,0,1,0,0,1
298,21,446,0,3,0,0,1,0,0,0,1,0,0,1,0,0
299,7,306,0,3,0,1,0,0,0,1,0,0,0,1,0,1
300,13,263,0,2,0,1,0,0,1,0,0,0,1,0,0,1
301,10,370,0,3,1,0,0,0,1,0,0,0,1,0,0,1
302,23,644,1,2,0,0,1,0,0,0,1,0,0,1,0,0
303,7,835,0,1,1,0,0,0,0,0,1,0,1,0,0,2
304,18,302,1,1,0,0,1,0,0,0,0,1,1,0,0,1
305,18,478,1,3,0,0,1,0,0,0,1,0,0,1,0,0
306,11,614,0,2,0,1,0,0,1,0,0,0,0,1,0,0
307,11,348,0,2,1,0,0,0,0,1,0,0,1,0,0,1
308,7,430,0,5,1,0,0,0,0,0,1,0,1,0,0,0
309,24,577,2,2,0,1,0,0,1,0,0,0,1,0,0,0
310,23,694,0,1,0,0,1,0,0,1,0,0,0,1,0,2
311,16,380,0,4,0,1,0,0,0,0,1,0,1,0,0,1
312,7,296,0,4,1,0,0,0,0,0,1,0,0,1,0,1
313,8,521,0,4,0,1,0,0,0,1,0,0,1,0,0,0
314,15,870,0,2,0,0,1,0,1,0,0,0,1,0,0,2
315,6,534,0,4,0,1,0,0,0,0,0,1,1,0,0,0
316,21,496,2,4,0,1,0,0,0,1,0,0,1,0,0,0
317,21,714,0,3,0,0,1,0,0,1,0,0,1,0,0,2
318,4,549,0,3,0,1,0,0,0,1,0,0,1,0,0,0
319,4,326,0,3,0,1,0,0,0,0,1,0,0,1,0,1
320,23,693,0,2,0,0,1,0,0,0,1,0,0,1,0,2
321,24,720,0,2,0,1,0,0,0,0,0,1,1,0,0,2
322,18,545,0,2,0,0,1,0,0,0,1,0,1,0,0,0
323,9,548,0,2,1,0,0,0,0,1,0,0,0,1,0,0
324,5,420,0,3,1,0,0,0,1,0,0,0,1,0,0,0
325,5,602,0,5,0,1,0,0,0,0,0,1,0,1,0,0
326,12,687,0,2,0,1,0,0,1,0,0,0,0,1,0,2
327,4,625,0,2,1,0,0,0,1,0,0,0,1,0,0,0
328,6,477,0,1,0,1,0,0,1,0,0,0,0,1,0,0
329,19,638,0,3,0,0,1,0,0,0,1,0,0,1,0,0
330,5,721,1,3,0,1,0,0,0,1,0,0,0,1,0,2
331,7,550,0,3,1,0,0,0,1,0,0,0,1,0,0,0
332,22,841,0,3,0,0,1,0,0,0,1,0,1,0,0,2
333,22,756,3,1,0,0,1,0,0,1,0,0,1,0,0,2
334,5,780,0,3,0,1,0,0,0,1,0,0,1,0,0,2
335,22,669,1,2,0,0,1,0,0,0,1,0,1,0,0,2
336,21,874,0,1,0,0,1,0,1,0,0,0,1,0,0,2
337,8,390,0,1,0,1,0,0,1,0,0,0,1,0,0,1
338,20,769,2,3,0,1,0,0,0,1,0,0,0,1,0,2
339,18,567,0,3,0,0,1,0,0,0,0,1,0,1,0,0
340,4,504,1,3,1,0,0,0,0,1,0,0,0,0,1,0
341,16,417,0,1,0,0,1,0,0,0,0,1,1,0,0,0
342,6,557,0,4,0,1,0,0,0,0,1,0,1,0,0,0
343,15,199,0,1,0,0,1,0,0,1,0,0,1,0,0,1
344,8,737,0,3,0,1,0,0,0,1,0,0,1,0,0,2
345,4,363,1,3,0,1,0,0,0,1,0,0,0,1,0,1
346,26,380,0,3,0,0,1,0,0,0,1,0,1,0,0,1
347,22,721,2,3,0,0,1,0,1,0,0,0,1,0,0,2
348,18,430,0,1,0,0,1,0,0,0,1,0,0,1,0,0
349,18,796,0,2,0,0,1,0,0,1,0,0,1,0,0,2
350,24,740,0,2,0,0,1,0,0,1,0,0,0,1,0,2
351,7,398,0,3,0,1,0,0,0,1,0,0,1,0,0,1
352,7,600,1,3,0,1,0,0,0,0,1,0,1,0,0,0
353,15,750,0,2,0,0,1,0,0,1,0,0,0,1,0,2
354,14,499,0,2,0,0,1,0,0,0,0,1,0,1,0,0
355,16,450,0,4,0,1,0,0,0,0,0,1,0,1,0,0
356,22,825,1,2,0,0,1,0,0,0,1,0,1,0,0,2
357,21,285,0,2,0,0,1,0,0,1,0,0,0,1,0,1
358,10,311,0,4,1,0,0,0,0,1,0,0,1,0,0,1
359,4,769,0,3,0,1,0,0,0,1,0,0,0,1,0,2
360,22,734,0,4,0,1,0,0,0,0,1,0,1,0,0,2
361,19,863,0,2,0,1,0,0,0,1,0,0,1,0,0,2
362,26,594,0,2,0,0,1,0,0,0,1,0,1,0,0,0
363,7,656,0,2,0,1,0,0,0,1,0,0,1,0,0,2
364,16,775,0,2,0,0,1,0,0,0,1,0,1,0,0,2
365,16,761,0,2,0,1,0,0,0,1,0,0,0,1,0,2
366,5,254,0,3,0,1,0,0,1,0,0,0,0,1,0,1
367,16,795,0,4,0,1,0,0,0,1,0,0,1,0,0,2
368,5,490,1,2,1,0,0,0,0,1,0,0,0,1,0,0
369,23,781,1,2,0,0,1,0,0,0,1,0,1,0,0,2
370,9,558,0,3,0,1,0,0,0,1,0,0,0,1,0,0
371,11,866,0,3,0,1,0,0,0,1,0,0,0,1,0,2
372,5,654,1,1,1,0,0,0,0,1,0,0,1,0,0,2
373,5,732,0,2,0,1,0,0,1,0,0,0,1,0,0,2
374,20,456,0,3,0,0,1,0,0,0,1,0,0,1,0,0
375,5,566,0,2,0,1,0,0,0,1,0,0,1,0,0,0
376,4,723,0,4,0,1,0,0,0,1,0,0,0,1,0,2
377,4,413,0,3,1,0,0,0,1,0,0,0,1,0,0,1
378,14,750,0,1,1,0,0,0,0,0,1,0,1,0,0,2
379,16,862,0,5,0,1,0,0,0,1,0,0,0,1,0,2
380,4,277,0,2,0,1,0,0,0,1,0,0,0,1,0,1
381,8,596,0,2,1,0,0,0,0,1,0,0,1,0,0,0
382,17,442,1,3,0,1,0,0,0,1,0,0,0,1,0,0
383,26,818,0,3,0,0,1,0,0,0,1,0,1,0,0,2
384,7,854,0,3,0,1,0,0,0,0,0,1,1,0,0,2
385,19,603,0,3,0,0,1,0,0,1,0,0,0,1,0,0
386,19,363,1,2,0,0,0,1,0,1,0,0,1,0,0,1
387,12,388,0,3,0,0,1,0,0,1,0,0,0,1,0,1
388,16,242,0,1,0,0,1,0,1,0,0,0,1,0,0,1
389,10,623,0,2,0,1,0,0,0,0,0,1,0,1,0,0
390,23,310,0,3,0,0,1,0,0,1,0,0,0,1,0,1
391,24,452,0,2,0,0,1,0,1,0,0,0,0,1,0,0
392,12,838,0,4,0,1,0,0,0,1,0,0,1,0,0,2
393,6,853,0,3,1,0,0,0,1,0,0,0,1,0,0,2
394,5,738,0,2,1,0,0,0,1,0,0,0,1,0,0,2
395,11,783,0,3,1,0,0,0,0,1,0,0,0,1,0,2
396,10,649,0,3,0,1,0,0,0,0,1,0,0,1,0,0
397,23,826,0,2,0,0,1,0,0,0,1,0,1,0,0,2
398,13,504,0,3,0,1,0,0,0,1,0,0,1,0,0,0
399,11,661,0,2,0,1,0,0,0,0,1,0,1,0,0,2
400,24,436,1,4,0,1,0,0,0,0,1,0,0,1,0,0
401,5,206,0,4,0,1,0,0,0,0,1,0,1,0,0,1
402,9,854,0,2,1,0,0,0,0,1,0,0,0,1,0,2
403,14,216,0,3,0,0,1,0,0,1,0,0,0,1,0,1
404,6,574,0,3,0,1,0,0,0,1,0,0,0,1,0,0
405,19,806,0,4,0,1,0,0,0,0,1,0,1,0,0,2
406,8,775,0,2,1,0,0,0,1,0,0,0,0,1,0,2
407,17,783,0,3,0,1,0,0,0,1,0,0,1,0,0,2
408,35,642,1,3,0,0,1,0,0,0,1,0,0,1,0,0
409,16,862,0,2,0,1,0,0,1,0,0,0,1,0,0,2
410,19,708,0,3,0,0,1,0,0,0,1,0,1,0,0,2
411,19,276,0,2,0,0,1,0,0,0,0,1,0,1,0,1
412,9,407,1,3,1,0,0,0,0,1,0,0,0,1,0,1
413,21,321,4,2,0,0,1,0,1,0,0,0,1,0,0,1
414,26,678,2,1,0,0,0,1,0,1,0,0,1,0,0,2
415,29,667,0,4,0,1,0,0,0,1,0,0,0,1,0,2
416,7,240,0,3,0,1,0,0,0,1,0,0,0,1,0,1
417,6,224,0,3,0,1,0,0,1,0,0,0,1,0,0,1
418,4,210,0,3,1,0,0,0,1,0,0,0,0,1,0,1
419,16,576,2,2,0,0,1,0,0,1,0,0,0,1,0,0
420,22,628,1,2,0,0,0,1,0,0,0,1,0,1,0,0
421,4,393,0,5,0,1,0,0,0,0,0,1,1,0,0,1
422,27,252,3,2,0,0,0,1,1,0,0,0,1,0,0,1
423,19,271,2,3,0,0,1,0,1,0,0,0,1,0,0,1
424,7,242,0,3,1,0,0,0,1,0,0,0,0,1,0,1
425,24,616,0,3,0,0,1,0,0,1,0,0,1,0,0,0
426,16,602,4,1,0,0,1,0,0,0,1,0,0,1,0,0
427,21,794,0,3,0,1,0,0,1,0,0,0,1,0,0,2
428,39,708,0,4,0,0,1,0,0,0,1,0,0,1,0,2
429,25,402,0,3,0,0,1,0,0,0,1,0,1,0,0,1
430,7,333,0,2,0,1,0,0,0,1,0,0,1,0,0,1
431,5,559,0,3,0,1,0,0,0,0,1,0,0,1,0,0
432,23,376,0,2,0,0,1,0,0,0,1,0,1,0,0,1
433,17,481,0,2,0,1,0,0,0,0,0,1,0,1,0,0
434,10,497,0,3,0,1,0,0,0,1,0,0,0,1,0,0
435,7,693,0,3,1,0,0,0,1,0,0,0,0,1,0,2
436,5,546,0,3,1,0,0,0,1,0,0,0,1,0,0,0
437,10,377,0,3,0,1,0,0,0,0,0,1,0,1,0,1
438,4,513,0,2,1,0,0,0,0,0,0,1,1,0,0,0
439,5,732,0,2,0,1,0,0,1,0,0,0,1,0,0,2
440,5,290,0,2,1,0,0,0,0,1,0,0,0,1,0,1
441,4,537,0,1,1,0,0,0,0,0,1,0,1,0,0,0
442,11,449,0,2,0,1,0,0,0,1,0,0,0,1,0,0
443,17,368,2,1,0,0,1,0,0,0,1,0,1,0,0,1
444,7,571,0,3,1,0,0,0,0,1,0,0,1,0,0,0
445,16,375,0,3,0,1,0,0,0,0,0,1,0,1,0,1
446,27,609,0,2,0,0,1,0,0,0,1,0,1,0,0,0
447,27,684,0,3,0,1,0,0,0,1,0,0,1,0,0,2
448,7,441,0,2,0,1,0,0,0,1,0,0,0,1,0,0
449,16,396,0,4,0,0,1,0,0,1,0,0,0,1,0,1
450,27,846,0,3,0,0,1,0,0,1,0,0,1,0,0,2
451,19,864,0,5,0,1,0,0,0,1,0,0,1,0,0,2
452,24,838,2,1,0,0,0,1,0,0,1,0,0,1,0,2
453,14,640,1,3,0,1,0,0,1,0,0,0,0,1,0,0
454,13,221,0,3,0,1,0,0,0,0,0,1,1,0,0,1
455,19,828,0,2,0,0,1,0,1,0,0,0,0,1,0,2
456,16,365,1,3,0,0,1,0,0,0,1,0,1,0,0,1
457,22,466,0,1,0,0,1,0,0,0,0,1,1,0,0,0
458,9,338,0,2,0,1,0,0,0,0,1,0,0,1,0,1
459,19,189,1,2,0,0,1,0,0,0,1,0,1,0,0,1
460,9,311,0,3,0,1,0,0,0,1,0,0,1,0,0,1
461,20,304,0,1,0,0,1,0,0,1,0,0,0,1,0,1
462,17,618,2,2,0,0,1,0,0,0,1,0,0,1,0,0
463,4,792,0,2,0,1,0,0,0,1,0,0,1,0,0,2
464,20,301,0,4,0,1,0,0,0,0,0,1,1,0,0,1
465,25,869,0,3,0,1,0,0,0,1,0,0,0,1,0,2
466,33,645,0,3,0,0,1,0,0,1,0,0,1,0,0,0
467,4,448,0,3,0,1,0,0,0,1,0,0,1,0,0,0
468,30,880,1,3,0,1,0,0,0,1,0,0,0,1,0,2
469,6,729,0,4,0,1,0,0,0,1,0,0,1,0,0,2
470,5,228,0,2,1,0,0,0,1,0,0,0,1,0,0,1
471,26,682,0,3,0,0,1,0,0,0,1,0,1,0,0,2
472,6,237,0,3,0,1,0,0,0,1,0,0,0,1,0,1
473,17,223,0,3,0,1,0,0,0,1,0,0,0,1,0,1
474,19,800,0,3,0,0,1,0,0,1,0,0,0,1,0,2
475,21,792,0,3,0,1,0,0,0,1,0,0,1,0,0,2
476,6,367,0,3,0,1,0,0,0,1,0,0,0,1,0,1
477,6,508,0,2,0,1,0,0,0,1,0,0,0,1,0,0
478,12,865,1,2,0,1,0,0,0,1,0,0,1,0,0,2
479,15,428,0,3,0,1,0,0,0,1,0,0,1,0,0,0
480,19,813,0,2,0,0,1,0,0,0,1,0,0,1,0,2
481,29,839,0,1,0,0,1,0,0,0,1,0,0,1,0,2
482,17,413,0,3,0,0,1,0,0,1,0,0,0,1,0,1
483,21,554,0,3,0,0,1,0,0,1,0,0,1,0,0,0
484,5,340,0,3,1,0,0,0,0,1,0,0,1,0,0,1
485,10,795,0,1,1,0,0,0,0,0,0,1,0,1,0,2
486,21,829,0,3,0,0,1,0,0,0,1,0,0,1,0,2
487,14,759,0,2,0,1,0,0,0,1,0,0,1,0,0,2
488,22,678,1,2,0,0,1,0,0,0,1,0,1,0,0,2
489,15,719,0,2,0,0,1,0,0,0,1,0,0,1,0,2
490,20,400,1,1,0,1,0,0,0,0,0,1,0,1,0,1
491,22,628,0,2,0,0,1,0,0,0,1,0,0,1,0,0
492,6,271,0,2,0,1,0,0,0,1,0,0,1,0,0,1
493,18,620,0,3,0,0,1,0,0,1,0,0,0,1,0,0
494,27,224,0,3,0,0,1,0,0,0,0,1,0,1,0,1
495,21,638,0,2,0,0,1,0,0,0,0,1,1,0,0,0
496,6,878,0,4,1,0,0,0,0,0,0,1,1,0,0,2
497,5,412,0,3,0,1,0,0,0,0,1,0,0,1,0,1
498,9,733,0,2,1,0,0,0,1,0,0,0,0,0,1,2
499,21,860,0,3,0,0,1,0,1,0,0,0,0,1,0,2
500,5,559,0,3,0,1,0,0,0,0,1,0,0,1,0,0
501,28,785,0,1,0,1,0,0,0,0,0,1,1,0,0,2
502,24,395,0,3,0,0,1,0,0,1,0,0,1,0,0,1
503,22,531,0,1,0,0,1,0,1,0,0,0,1,0,0,0
504,8,559,0,2,0,1,0,0,1,0,0,0,1,0,0,0
505,25,746,0,2,0,0,1,0,0,0,1,0,1,0,0,2
506,12,586,1,3,0,1,0,0,0,1,0,0,0,1,0,0
507,23,644,0,2,0,0,1,0,0,1,0,0,1,0,0,0
508,16,438,1,4,0,1,0,0,0,0,1,0,1,0,0,0
509,19,290,1,2,0,0,0,1,0,0,1,0,0,1,0,1
510,17,600,0,3,0,1,0,0,0,0,0,1,0,1,0,0
511,22,627,0,1,0,0,1,0,0,1,0,0,0,1,0,0
512,11,697,0,4,0,1,0,0,0,0,1,0,1,0,0,2
513,5,550,0,2,1,0,0,0,1,0,0,0,1,0,0,0
514,17,496,0,2,0,0,1,0,0,0,1,0,1,0,0,0
515,20,306,2,2,0,0,1,0,0,0,0,1,0,1,0,1
516,7,339,0,3,0,1,0,0,0,0,1,0,1,0,0,1
517,13,306,1,1,0,0,1,0,1,0,0,0,0,1,0,1
518,13,503,0,2,0,1,0,0,1,0,0,0,1,0,0,0
519,16,823,2,2,0,0,1,0,0,0,0,1,1,0,0,2
520,10,845,0,3,1,0,0,0,1,0,0,0,1,0,0,2
521,5,758,0,3,0,1,0,0,1,0,0,0,1,0,0,2
522,20,400,0,2,0,0,1,0,0,0,1,0,0,1,0,1
523,15,207,0,2,0,1,0,0,0,1,0,0,0,1,0,1
524,17,872,0,1,0,0,1,0,0,0,1,0,1,0,0,2
525,19,424,0,4,0,1,0,0,0,0,1,0,0,1,0,0
526,19,685,0,2,0,1,0,0,0,1,0,0,0,1,0,2
527,17,470,0,2,0,0,1,0,0,1,0,0,1,0,0,0
528,23,197,1,4,0,0,1,0,0,1,0,0,0,1,0,1
529,12,617,0,4,0,0,1,0,0,0,1,0,1,0,0,0
530,7,563,0,2,1,0,0,0,1,0,0,0,1,0,0,0
531,16,630,0,3,0,1,0,0,0,0,0,1,0,1,0,0
532,7,348,0,3,0,1,0,0,0,0,1,0,1,0,0,1
533,16,320,1,1,0,0,1,0,0,0,1,0,1,0,0,1
534,12,511,0,3,0,1,0,0,0,0,0,1,0,1,0,0
535,9,374,0,2,1,0,0,0,0,1,0,0,0,1,0,1
536,9,420,0,3,1,0,0,0,0,1,0,0,0,1,0,0
537,11,878,0,2,0,1,0,0,0,1,0,0,1,0,0,2
538,14,764,0,2,0,1,0,0,1,0,0,0,0,1,0,2
539,20,512,2,2,0,0,1,0,1,0,0,0,0,1,0,0
540,20,576,0,3,0,1,0,0,0,1,0,0,1,0,0,0
541,8,299,0,3,1,0,0,0,1,0,0,0,0,1,0,1
542,14,359,0,1,0,0,1,0,0,0,1,0,1,0,0,1
543,8,394,0,3,0,1,0,0,0,1,0,0,1,0,0,1
544,10,340,1,4,1,0,0,0,0,1,0,0,1,0,0,1
545,6,278,0,4,1,0,0,0,0,1,0,0,0,1,0,1
546,7,276,0,3,0,1,0,0,0,0,1,0,0,1,0,1
547,8,268,1,2,1,0,0,0,1,0,0,0,1,0,0,1
548,18,328,0,2,0,0,1,0,0,1,0,0,0,1,0,1
549,8,623,0,2,1,0,0,0,0,0,1,0,1,0,0,0
550,25,421,0,2,0,0,1,0,0,0,0,1,0,1,0,0
551,16,841,0,4,0,1,0,0,0,0,0,1,1,0,0,2
552,21,671,0,2,0,1,0,0,0,1,0,0,0,1,0,2
553,19,636,1,2,0,0,1,0,1,0,0,0,1,0,0,0
554,8,516,0,2,1,0,0,0,0,1,0,0,0,1,0,0
555,20,589,4,3,0,0,0,1,0,0,1,0,1,0,0,0
556,7,479,0,3,0,1,0,0,0,1,0,0,1,0,0,0
557,19,564,0,1,0,0,1,0,0,1,0,0,1,0,0,0
558,26,555,0,3,0,0,1,0,0,1,0,0,0,1,0,0
559,26,351,0,3,0,0,1,0,0,1,0,0,0,1,0,1
560,15,422,0,2,0,1,0,0,0,0,1,0,0,1,0,0
561,12,208,0,3,0,1,0,0,0,0,0,1,0,1,0,1
562,19,757,0,2,0,0,1,0,0,0,1,0,1,0,0,2
563,4,481,0,4,1,0,0,0,0,0,0,1,0,1,0,0
564,4,545,0,2,0,1,0,0,0,1,0,0,1,0,0,0
565,4,755,0,4,0,1,0,0,0,1,0,0,1,0,0,2
566,16,841,0,3,0,1,0,0,0,1,0,0,1,0,0,2
567,6,339,0,4,0,1,0,0,0,1,0,0,0,1,0,1
568,11,475,0,2,0,1,0,0,0,1,0,0,0,1,0,0
569,12,518,0,3,0,0,1,0,0,1,0,0,0,1,0,0
570,7,456,0,3,0,1,0,0,0,1,0,0,0,1,0,0
571,21,700,3,3,0,0,1,0,0,1,0,0,0,1,0,2
572,11,275,0,4,0,1,0,0,0,1,0,0,1,0,0,1
573,10,496,0,4,1,0,0,0,0,1,0,0,1,0,0,0
574,8,472,0,4,0,1,0,0,0,0,1,0,0,1,0,0
575,16,541,0,4,0,1,0,0,0,0,1,0,0,1,0,0
576,15,782,1,4,0,1,0,0,0,1,0,0,0,1,0,2
577,20,654,0,3,0,1,0,0,0,0,0,1,1,0,0,2
578,5,438,0,4,0,1,0,0,0,0,1,0,0,1,0,0
579,7,626,0,2,1,0,0,0,0,0,0,1,0,1,0,0
580,7,273,0,3,0,1,0,0,1,0,0,0,1,0,0,1
581,11,258,0,4,1,0,0,0,0,1,0,0,0,1,0,1
582,22,830,3,1,0,0,1,0,0,0,1,0,1,0,0,2
583,20,474,0,3,0,0,1,0,0,0,1,0,0,1,0,0
584,18,229,1,3,0,1,0,0,0,0,1,0,1,0,0,1
585,6,499,0,2,1,0,0,0,0,0,1,0,1,0,0,0
586,7,811,0,2,0,1,0,0,1,0,0,0,0,1,0,2
587,21,750,2,2,0,0,0,1,0,1,0,0,0,1,0,2
588,20,417,0,1,0,0,1,0,0,0,1,0,0,1,0,0
589,5,336,0,3,0,1,0,0,0,1,0,0,1,0,0,1
590,15,477,0,2,0,0,1,0,0,1,0,0,0,1,0,0
591,9,469,0,3,1,0,0,0,0,1,0,0,0,1,0,0
592,6,797,0,2,1,0,0,0,0,1,0,0,1,0,0,2
593,6,439,0,4,0,1,0,0,0,1,0,0,0,1,0,0
594,9,576,0,3,1,0,0,0,0,1,0,0,0,1,0,0
595,10,867,0,3,0,1,0,0,0,1,0,0,1,0,0,2
596,5,679,0,2,0,1,0,0,0,0,1,0,1,0,0,2
597,23,853,0,3,0,0,1,0,0,0,1,0,1,0,0,2
598,17,471,0,1,0,0,1,0,0,0,1,0,1,0,0,0
599,20,753,0,4,0,0,1,0,0,0,0,1,0,1,0,2
600,11,705,0,4,0,1,0,0,0,0,1,0,0,1,0,2
601,12,733,0,2,1,0,0,0,1,0,0,0,0,1,0,2
602,7,324,0,2,0,1,0,0,0,1,0,0,1,0,0,1
603,5,661,0,4,1,0,0,0,0,0,1,0,1,0,0,2
604,6,797,0,3,0,1,0,0,0,1,0,0,0,0,1,2
605,18,239,1,2,0,0,1,0,0,0,1,0,1,0,0,1
606,12,500,0,1,1,0,0,0,0,1,0,0,0,1,0,0
607,12,532,0,1,0,1,0,0,0,0,0,1,0,1,0,0
608,5,751,0,3,1,0,0,0,0,1,0,0,0,0,1,2
609,7,430,0,5,1,0,0,0,0,0,1,0,1,0,0,0
610,25,783,0,1,0,1,0,0,0,1,0,0,0,1,0,2
611,18,524,0,4,0,1,0,0,0,1,0,0,1,0,0,0
612,6,605,0,4,0,1,0,0,0,0,1,0,0,1,0,0
613,5,654,0,3,0,1,0,0,0,1,0,0,1,0,0,2
614,17,867,0,3,0,1,0,0,0,0,1,0,0,1,0,2
615,17,539,0,3,0,1,0,0,0,0,1,0,0,1,0,0
616,6,536,0,1,0,1,0,0,0,1,0,0,1,0,0,0
617,14,297,2,1,0,0,1,0,0,0,0,1,1,0,0,1
618,5,369,0,2,0,1,0,0,0,1,0,0,0,1,0,1
619,21,577,1,2,0,0,1,0,0,0,1,0,0,1,0,0
620,7,711,0,3,1,0,0,0,0,1,0,0,1,0,0,2
621,20,577,0,2,0,0,1,0,0,1,0,0,1,0,0,0
622,34,832,0,3,0,0,1,0,0,0,1,0,1,0,0,2
623,9,847,0,3,0,1,0,0,0,1,0,0,0,1,0,2
624,12,744,0,2,1,0,0,0,0,1,0,0,1,0,0,2
625,25,408,0,3,0,0,1,0,0,1,0,0,0,1,0,1
626,14,202,0,2,0,0,1,0,0,0,1,0,0,1,0,1
627,26,351,0,3,0,0,1,0,0,1,0,0,0,1,0,1
628,7,320,1,1,0,1,0,0,0,0,1,0,0,1,0,1
629,21,623,0,1,0,0,1,0,0,1,0,0,1,0,0,0
630,4,297,0,4,0,1,0,0,0,0,1,0,1,0,0,1
631,32,576,0,1,0,0,1,0,0,0,0,1,1,0,0,0
632,14,723,0,3,0,1,0,0,0,0,1,0,1,0,0,2
633,26,825,0,2,0,0,1,0,0,0,0,1,0,1,0,2
634,18,421,1,3,0,0,1,0,0,1,0,0,1,0,0,0
635,26,818,0,3,0,0,1,0,0,0,1,0,1,0,0,2
636,21,233,0,2,0,0,1,0,0,0,0,1,0,1,0,1
637,23,732,0,2,0,0,1,0,0,0,1,0,0,1,0,2
638,15,604,1,2,0,1,0,0,0,0,1,0,1,0,0,0
639,13,662,2,2,0,0,1,0,0,0,0,1,0,1,0,2
640,17,501,0,4,0,1,0,0,0,1,0,0,0,1,0,0
641,30,710,2,2,0,0,0,1,0,1,0,0,1,0,0,2
642,11,384,0,2,0,1,0,0,0,1,0,0,0,1,0,1
643,28,223,0,3,0,0,1,0,0,1,0,0,0,1,0,1
644,17,472,0,3,0,0,1,0,0,0,1,0,1,0,0,0
645,19,318,1,1,0,0,0,1,0,0,1,0,0,1,0,1
646,6,857,0,3,1,0,0,0,1,0,0,0,1,0,0,2
647,32,872,0,3,0,0,1,0,0,1,0,0,1,0,0,2
648,7,263,0,3,0,1,0,0,0,0,0,1,0,1,0,1
649,15,881,0,2,0,1,0,0,0,0,1,0,1,0,0,2
650,10,362,0,3,0,0,1,0,0,0,0,1,1,0,0,1
651,11,831,0,2,1,0,0,0,0,0,1,0,0,1,0,2
652,26,488,0,3,0,0,1,0,0,0,0,1,0,1,0,0
653,12,437,1,4,0,1,0,0,0,0,1,0,0,1,0,0
654,22,755,0,3,0,1,0,0,0,0,1,0,1,0,0,2
655,4,413,0,3,1,0,0,0,1,0,0,0,1,0,0,1
656,24,372,0,2,0,0,1,0,0,1,0,0,1,0,0,1
657,6,846,0,2,1,0,0,0,0,1,0,0,0,0,1,2
658,5,730,0,2,1,0,0,0,0,0,1,0,0,1,0,2
659,5,734,0,2,1,0,0,0,0,0,1,0,1,0,0,2
660,4,595,0,3,0,1,0,0,0,1,0,0,0,1,0,0
661,7,463,0,2,1,0,0,0,1,0,0,0,0,0,1,0
662,5,602,0,3,1,0,0,0,0,1,0,0,0,1,0,0
663,12,420,0,4,0,1,0,0,0,1,0,0,0,1,0,0
664,28,521,0,3,0,0,1,0,0,0,1,0,0,1,0,0
665,21,419,0,3,0,0,1,0,0,0,1,0,0,1,0,0
666,17,841,0,2,0,0,1,0,0,1,0,0,1,0,0,2
667,20,381,0,3,0,0,1,0,0,1,0,0,1,0,0,1
668,16,761,0,2,0,1,0,0,0,1,0,0,0,1,0,2
669,4,224,0,4,1,0,0,0,0,1,0,0,1,0,0,1
670,21,793,1,3,0,0,1,0,0,0,1,0,0,1,0,2
671,17,364,0,1,0,0,1,0,0,1,0,0,1,0,0,1
672,12,564,1,3,0,1,0,0,1,0,0,0,0,1,0,0
673,20,374,0,1,0,0,1,0,0,1,0,0,0,1,0,1
674,23,440,0,2,0,0,1,0,0,0,1,0,1,0,0,0
675,30,854,0,1,0,0,1,0,0,0,1,0,1,0,0,2
676,15,525,0,2,0,1,0,0,1,0,0,0,0,1,0,0
677,12,434,0,3,0,1,0,0,0,0,1,0,1,0,0,0
678,17,378,0,2,0,0,1,0,0,0,1,0,1,0,0,1
679,20,665,0,2,0,0,1,0,0,1,0,0,0,1,0,2
680,22,841,0,1,0,0,0,1,0,1,0,0,0,1,0,2
681,21,230,2,2,0,0,1,0,1,0,0,0,0,1,0,1
682,15,458,0,2,0,0,1,0,0,1,0,0,0,1,0,0
683,22,819,1,2,0,1,0,0,0,0,1,0,0,1,0,2
684,13,494,0,1,0,0,1,0,0,1,0,0,1,0,0,0
685,12,538,0,3,0,1,0,0,0,0,1,0,0,1,0,0
686,5,425,0,2,1,0,0,0,0,0,0,1,0,0,1,0
687,9,582,0,3,0,1,0,0,0,0,0,1,0,1,0,0
688,8,524,0,4,0,0,1,0,0,0,1,0,0,1,0,0
689,4,281,0,1,0,1,0,0,1,0,0,0,1,0,0,1
690,8,633,0,3,1,0,0,0,0,0,0,1,0,1,0,0
691,20,424,0,1,0,1,0,0,0,0,1,0,1,0,0,0
692,28,267,1,2,0,0,1,0,0,0,1,0,1,0,0,1
693,20,471,0,2,0,0,1,0,0,1,0,0,1,0,0,0
694,20,295,0,4,0,0,1,0,0,1,0,0,1,0,0,1
695,21,324,1,2,0,0,1,0,0,1,0,0,1,0,0,1
696,15,247,3,1,0,0,0,1,1,0,0,0,0,1,0,1
697,12,371,0,2,0,1,0,0,0,1,0,0,0,1,0,1
698,22,721,2,3,0,0,1,0,1,0,0,0,1,0,0,2
699,6,188,0,2,0,1,0,0,0,1,0,0,0,1,0,1
700,20,631,0,2,0,1,0,0,0,0,0,1,1,0,0,0
701,14,406,1,3,0,0,1,0,0,0,0,1,0,1,0,1
702,5,721,1,3,0,1,0,0,0,1,0,0,0,1,0,2
703,4,538,0,3,1,0,0,0,1,0,0,0,1,0,0,0
704,26,802,0,2,0,1,0,0,0,0,1,0,0,1,0,2
705,8,680,0,2,0,1,0,0,0,1,0,0,1,0,0,2
706,20,597,0,2,0,0,1,0,0,0,0,1,1,0,0,0
707,13,512,0,3,0,1,0,0,1,0,0,0,1,0,0,0
708,11,755,0,2,0,0,1,0,0,1,0,0,0,1,0,2
709,17,830,1,1,0,0,0,1,0,0,1,0,0,1,0,2
710,7,689,0,3,1,0,0,0,0,1,0,0,1,0,0,2
711,31,641,0,2,0,0,1,0,0,1,0,0,1,0,0,0
712,4,278,0,3,0,1,0,0,0,0,1,0,1,0,0,1
713,16,743,0,3,0,0,1,0,0,0,1,0,0,1,0,2
714,21,609,0,2,0,0,1,0,0,0,1,0,1,0,0,0
715,6,223,0,3,1,0,0,0,1,0,0,0,0,1,0,1
716,16,687,0,2,0,0,1,0,0,0,1,0,1,0,0,2
717,12,883,1,3,1,0,0,0,0,1,0,0,1,0,0,2
718,6,207,0,3,0,1,0,0,0,0,1,0,1,0,0,1
719,24,404,1,2,0,0,1,0,0,0,1,0,1,0,0,1
720,23,341,0,1,0,0,1,0,0,1,0,0,0,1,0,1
721,21,447,0,5,0,1,0,0,0,0,1,0,0,1,0,0
722,26,626,1,2,0,0,0,1,1,0,0,0,1,0,0,0
723,4,461,0,3,0,1,0,0,0,0,0,1,0,1,0,0
724,23,877,0,4,0,1,0,0,0,0,0,1,0,1,0,2
725,23,568,0,4,0,0,1,0,0,1,0,0,1,0,0,0
726,16,442,0,4,0,1,0,0,0,0,0,1,0,1,0,0
727,14,449,3,3,0,0,0,1,0,1,0,0,1,0,0,0
728,26,247,3,2,0,0,1,0,0,0,0,1,1,0,0,1
729,19,643,0,3,0,0,1,0,0,1,0,0,1,0,0,0
730,13,212,0,3,0,0,1,0,0,0,0,1,0,1,0,1
731,4,654,0,3,1,0,0,0,1,0,0,0,0,0,1,2
732,20,875,0,3,0,0,1,0,0,1,0,0,1,0,0,2
733,30,649,0,2,0,0,1,0,0,0,0,1,0,1,0,0
734,8,666,0,4,0,1,0,0,0,0,1,0,0,1,0,2
735,9,365,0,4,0,1,0,0,0,0,0,1,0,1,0,1
736,9,518,0,3,0,1,0,0,0,1,0,0,0,1,0,0
737,21,341,1,2,0,0,1,0,0,0,1,0,1,0,0,1
738,20,599,1,2,0,0,1,0,0,0,0,1,1,0,0,0
739,9,388,0,3,1,0,0,0,0,1,0,0,0,1,0,1
740,24,298,0,1,0,0,1,0,1,0,0,0,1,0,0,1
741,4,473,1,2,0,1,0,0,0,1,0,0,1,0,0,0
742,28,337,1,2,0,0,1,0,0,0,1,0,0,1,0,1
743,22,366,0,2,0,0,1,0,0,1,0,0,0,1,0,1
744,17,455,0,3,0,1,0,0,0,0,1,0,0,1,0,0
745,24,372,0,2,0,0,1,0,0,1,0,0,1,0,0,1
746,25,672,3,2,0,0,1,0,0,1,0,0,1,0,0,2
747,21,244,0,2,0,0,1,0,0,1,0,0,1,0,0,1
748,24,691,0,2,0,0,1,0,0,1,0,0,0,1,0,2
749,23,873,0,3,0,0,1,0,0,1,0,0,0,1,0,2
750,20,469,0,3,0,0,1,0,0,0,1,0,1,0,0,0
751,8,657,0,3,0,1,0,0,0,1,0,0,0,1,0,2
752,8,270,0,3,0,1,0,0,0,0,1,0,0,1,0,1
753,8,455,0,3,0,1,0,0,0,1,0,0,0,1,0,0
754,19,252,0,3,0,0,1,0,0,0,1,0,1,0,0,1
755,21,430,0,2,0,0,1,0,1,0,0,0,0,1,0,0
756,6,601,1,2,0,1,0,0,0,1,0,0,0,1,0,0
757,19,224,0,1,0,0,1,0,0,0,0,1,1,0,0,1
758,12,614,0,3,0,1,0,0,0,0,1,0,1,0,0,0
759,17,842,0,2,0,0,1,0,0,1,0,0,1,0,0,2
760,29,848,0,2,0,0,1,0,1,0,0,0,1,0,0,2
761,8,487,0,3,0,1,0,0,0,0,1,0,0,1,0,0
762,18,585,0,3,0,0,1,0,0,0,1,0,0,1,0,0
763,21,547,0,3,0,0,1,0,0,1,0,0,1,0,0,0
764,20,385,0,2,0,0,1,0,0,0,0,1,0,1,0,1
765,25,617,0,3,0,1,0,0,0,0,1,0,1,0,0,0
766,9,628,0,4,0,1,0,0,0,1,0,0,1,0,0,0
767,1,754,0,3,1,0,0,0,0,0,1,0,0,1,0,2
768,4,666,0,4,0,1,0,0,0,0,0,1,1,0,0,2
769,8,489,0,2,0,1,0,0,0,0,1,0,0,1,0,0
770,18,340,0,2,0,0,1,0,0,0,1,0,0,1,0,1
771,6,379,0,3,0,1,0,0,0,0,1,0,0,1,0,1
772,22,476,0,2,0,0,1,0,0,1,0,0,1,0,0,0
773,19,271,0,1,0,0,1,0,0,1,0,0,0,1,0,1
774,6,262,0,4,0,1,0,0,0,1,0,0,1,0,0,1
775,5,235,0,2,1,0,0,0,0,1,0,0,1,0,0,1
776,4,288,0,3,0,1,0,0,0,1,0,0,1,0,0,1
777,5,562,0,3,0,1,0,0,0,1,0,0,1,0,0,0
778,7,794,0,3,1,0,0,0,1,0,0,0,0,0,1,2
779,12,320,0,4,1,0,0,0,0,0,1,0,0,1,0,1
780,24,729,1,2,0,1,0,0,0,1,0,0,0,1,0,2
781,22,217,1,3,0,1,0,0,0,1,0,0,0,1,0,1
782,17,845,0,2,0,1,0,0,0,1,0,0,1,0,0,2
783,14,716,0,2,0,0,1,0,0,0,0,1,0,1,0,2
784,17,785,3,2,0,0,1,0,0,0,1,0,0,1,0,2
785,6,531,1,1,1,0,0,0,0,0,0,1,1,0,0,0
786,15,429,0,4,0,1,0,0,0,1,0,0,1,0,0,0
787,9,636,0,2,0,1,0,0,0,0,1,0,1,0,0,0
788,13,711,1,1,0,1,0,0,0,0,1,0,0,1,0,2
789,23,187,0,3,0,0,1,0,0,0,1,0,0,1,0,1
790,26,800,0,2,0,0,1,0,0,0,1,0,0,1,0,2
791,24,670,0,2,0,0,1,0,0,1,0,0,1,0,0,2
792,10,383,0,3,1,0,0,0,0,1,0,0,1,0,0,1
793,21,384,0,3,0,0,1,0,0,1,0,0,0,1,0,1
794,5,646,0,3,0,1,0,0,0,0,1,0,1,0,0,0
795,10,712,0,4,0,1,0,0,0,0,0,1,1,0,0,2
796,28,422,0,1,0,0,1,0,0,0,0,1,0,1,0,0
797,25,635,3,2,0,1,0,0,0,0,1,0,1,0,0,0
798,21,423,0,4,0,1,0,0,0,1,0,0,0,1,0,0
799,6,284,0,3,0,1,0,0,0,1,0,0,0,1,0,1
800,17,437,0,3,0,1,0,0,0,0,1,0,1,0,0,0
801,20,650,1,4,0,0,1,0,0,1,0,0,1,0,0,2
802,22,635,0,2,0,0,1,0,0,1,0,0,1,0,0,0
803,5,442,0,2,1,0,0,0,0,1,0,0,1,0,0,0
804,7,621,0,2,1,0,0,0,0,1,0,0,1,0,0,0
805,16,215,0,1,0,0,1,0,0,1,0,0,1,0,0,1
806,27,696,0,3,0,1,0,0,0,0,1,0,0,1,0,2
807,22,404,0,2,0,0,0,1,1,0,0,0,0,1,0,1
808,18,234,0,3,0,0,1,0,0,1,0,0,0,1,0,1
809,4,295,0,4,0,1,0,0,0,1,0,0,1,0,0,1
810,19,768,0,1,1,0,0,0,0,0,1,0,1,0,0,2
811,21,278,0,3,0,0,1,0,0,1,0,0,1,0,0,1
812,7,487,0,3,1,0,0,0,0,1,0,0,0,1,0,0
813,18,606,2,1,0,0,1,0,0,1,0,0,0,1,0,0
814,7,511,0,3,1,0,0,0,0,1,0,0,1,0,0,0
815,18,200,1,1,0,1,0,0,0,0,1,0,1,0,0,1
816,8,623,0,2,1,0,0,0,0,0,1,0,1,0,0,0
817,20,589,4,3,0,0,0,1,0,0,1,0,1,0,0,0
818,24,625,0,2,0,0,1,0,0,0,1,0,0,1,0,0
819,17,604,2,5,0,0,0,1,0,0,1,0,1,0,0,0
820,6,719,0,4,0,1,0,0,0,0,1,0,1,0,0,2
821,22,600,0,2,0,0,1,0,0,0,1,0,0,1,0,0
822,5,306,0,3,1,0,0,0,1,0,0,0,1,0,0,1
823,6,405,0,3,0,1,0,0,0,1,0,0,0,1,0,1
824,18,843,0,1,0,1,0,0,1,0,0,0,1,0,0,2
825,20,606,0,4,0,1,0,0,0,0,1,0,0,1,0,0
826,7,456,0,3,1,0,0,0,0,1,0,0,0,1,0,0
827,6,686,0,4,0,1,0,0,0,0,1,0,1,0,0,2
828,28,643,0,3,0,0,1,0,0,0,1,0,1,0,0,0
829,14,616,0,2,0,1,0,0,0,1,0,0,0,1,0,0
830,27,830,0,1,0,0,1,0,0,1,0,0,1,0,0,2
831,5,548,0,2,0,1,0,0,0,1,0,0,0,1,0,0
832,20,286,1,2,0,1,0,0,0,1,0,0,1,0,0,1
833,9,514,0,4,0,1,0,0,0,0,0,1,1,0,0,0
834,14,763,0,3,0,1,0,0,0,1,0,0,1,0,0,2
835,11,234,0,2,0,1,0,0,1,0,0,0,1,0,0,1
836,11,782,0,3,1,0,0,0,0,1,0,0,1,0,0,2
837,17,523,0,2,0,0,1,0,0,0,1,0,0,1,0,0
838,19,353,3,2,0,0,1,0,0,1,0,0,1,0,0,1
839,19,824,0,1,0,0,1,0,1,0,0,0,0,1,0,2
840,23,738,0,2,0,1,0,0,0,0,1,0,0,1,0,2
841,11,435,0,2,0,1,0,0,0,0,1,0,1,0,0,0
842,11,601,0,4,1,0,0,0,0,1,0,0,1,0,0,0
843,13,567,0,2,0,1,0,0,0,1,0,0,1,0,0,0
844,20,355,0,3,0,0,1,0,0,0,1,0,0,1,0,1
845,25,786,2,2,0,0,1,0,0,0,1,0,0,1,0,2
846,6,220,1,4,0,1,0,0,0,0,1,0,0,1,0,1
847,18,290,2,3,0,1,0,0,0,1,0,0,0,1,0,1
848,31,640,0,2,0,0,1,0,0,1,0,0,1,0,0,0
849,5,303,0,3,0,1,0,0,0,1,0,0,0,1,0,1
850,22,681,0,4,0,1,0,0,1,0,0,0,1,0,0,2
851,6,819,0,4,0,1,0,0,0,0,1,0,1,0,0,2
852,26,606,1,2,0,0,1,0,1,0,0,0,0,1,0,0
853,7,340,0,3,1,0,0,0,0,1,0,0,1,0,0,1
854,17,320,0,4,0,1,0,0,0,1,0,0,0,1,0,1
855,4,722,0,2,1,0,0,0,1,0,0,0,1,0,0,2
856,17,819,0,3,0,1,0,0,1,0,0,0,0,1,0,2
857,13,380,0,2,0,1,0,0,0,1,0,0,0,1,0,1
858,17,569,0,3,0,0,1,0,0,1,0,0,0,1,0,0
859,17,646,0,2,0,1,0,0,0,0,1,0,0,1,0,0
860,4,464,0,3,1,0,0,0,1,0,0,0,0,1,0,0
861,16,605,0,3,0,1,0,0,0,1,0,0,1,0,0,0
862,7,806,0,3,0,1,0,0,0,1,0,0,1,0,0,2
863,17,460,2,2,0,0,1,0,1,0,0,0,0,1,0,0
864,16,360,1,2,0,0,1,0,0,0,1,0,1,0,0,1
865,10,204,0,3,1,0,0,0,0,1,0,0,1,0,0,1
866,12,272,0,3,0,1,0,0,0,1,0,0,0,1,0,1
867,23,452,0,3,0,0,1,0,0,1,0,0,0,1,0,0
868,18,471,3,2,0,0,1,0,0,0,0,1,1,0,0,0
869,23,550,0,3,0,1,0,0,0,1,0,0,0,1,0,0
870,9,686,0,3,0,1,0,0,1,0,0,0,1,0,0,2
871,28,271,0,1,0,0,0,1,0,0,1,0,0,1,0,1
872,11,714,0,3,1,0,0,0,0,1,0,0,0,1,0,2
873,9,325,1,2,1,0,0,0,0,1,0,0,1,0,0,1
874,7,807,0,3,0,1,0,0,0,1,0,0,1,0,0,2
875,4,527,0,3,0,1,0,0,0,1,0,0,1,0,0,0
876,7,196,0,4,0,1,0,0,0,1,0,0,0,1,0,1
877,22,841,0,1,0,0,0,1,0,1,0,0,0,1,0,2
878,19,548,0,2,0,0,1,0,0,1,0,0,0,1,0,0
879,15,766,0,4,0,1,0,0,0,0,0,1,0,1,0,2
880,7,386,0,4,0,1,0,0,0,0,1,0,1,0,0,1
881,24,640,0,4,0,1,0,0,0,0,1,0,1,0,0,0
882,20,381,0,1,0,0,1,0,0,1,0,0,0,1,0,1
883,7,691,1,3,0,1,0,0,0,1,0,0,1,0,0,2
884,18,845,0,3,0,1,0,0,0,0,1,0,0,1,0,2
885,25,352,0,2,0,0,1,0,1,0,0,0,1,0,0,1
886,4,246,0,2,1,0,0,0,1,0,0,0,0,0,1,1
887,24,699,1,1,0,1,0,0,0,0,0,1,0,1,0,2
888,25,750,0,2,0,1,0,0,0,1,0,0,0,1,0,2
889,20,512,0,3,0,0,1,0,0,0,1,0,1,0,0,0
890,25,343,0,2,0,0,1,0,0,0,1,0,1,0,0,1
891,17,508,0,3,0,1,0,0,0,1,0,0,0,1,0,0
892,11,436,0,2,1,0,0,0,1,0,0,0,1,0,0,0
893,18,694,0,2,0,0,1,0,0,0,1,0,1,0,0,2
894,11,503,0,2,0,1,0,0,0,1,0,0,1,0,0,0
895,16,536,0,2,0,0,1,0,0,0,1,0,1,0,0,0
896,13,393,0,2,0,1,0,0,0,1,0,0,1,0,0,1
897,16,648,0,5,0,0,1,0,0,1,0,0,1,0,0,0
898,18,267,0,1,0,0,1,0,0,1,0,0,1,0,0,1
899,18,406,1,1,0,0,0,1,0,0,1,0,1,0,0,1
900,4,395,0,2,0,1,0,0,0,1,0,0,1,0,0,1
901,6,362,0,3,0,1,0,0,0,1,0,0,1,0,0,1
902,10,297,0,2,0,1,0,0,1,0,0,0,0,1,0,1
903,22,551,0,1,0,0,1,0,0,0,1,0,0,1,0,0
904,19,420,0,2,0,0,1,0,1,0,0,0,1,0,0,0
905,31,706,0,2,0,1,0,0,0,0,1,0,0,1,0,2
906,10,536,0,3,0,1,0,0,0,1,0,0,0,1,0,0
907,18,759,1,1,0,0,0,1,1,0,0,0,1,0,0,2
908,14,600,0,2,0,0,1,0,0,0,1,0,1,0,0,0
909,15,371,0,2,0,0,1,0,0,0,1,0,0,1,0,1
910,20,512,2,2,0,0,1,0,1,0,0,0,0,1,0,0
911,14,410,0,2,0,1,0,0,0,0,1,0,0,1,0,1
912,25,593,1,1,0,0,1,0,0,0,1,0,0,1,0,0
913,5,263,2,4,0,1,0,0,0,0,1,0,0,1,0,1
914,19,624,0,1,0,0,1,0,1,0,0,0,1,0,0,0
915,7,707,0,2,0,1,0,0,0,1,0,0,0,1,0,2
916,9,242,0,4,0,1,0,0,0,0,0,1,0,1,0,1
917,26,228,1,3,0,0,1,0,1,0,0,0,1,0,0,1
918,16,853,0,2,1,0,0,0,0,1,0,0,0,1,0,2
919,19,325,1,2,0,0,1,0,0,1,0,0,1,0,0,1
920,19,367,1,1,0,0,1,0,1,0,0,0,0,1,0,1
921,16,242,0,1,0,0,1,0,1,0,0,0,1,0,0,1
922,21,410,0,3,0,0,1,0,0,1,0,0,0,1,0,1
923,20,268,0,2,0,0,1,0,0,1,0,0,0,1,0,1
924,7,325,0,2,0,1,0,0,1,0,0,0,1,0,0,1
925,25,872,1,2,0,0,1,0,0,0,0,1,0,1,0,2
926,5,740,0,3,1,0,0,0,1,0,0,0,0,0,1,2
927,19,224,0,1,0,0,1,0,0,0,0,1,1,0,0,1
928,8,221,0,3,0,1,0,0,0,1,0,0,0,1,0,1
929,17,434,0,2,0,0,1,0,0,1,0,0,1,0,0,0
930,30,589,1,3,0,0,1,0,0,1,0,0,0,1,0,0
931,26,536,0,2,0,1,0,0,0,1,0,0,1,0,0,0
932,23,510,0,2,0,0,1,0,0,1,0,0,0,1,0,0
933,22,570,0,3,0,0,1,0,0,0,0,1,0,1,0,0
934,20,530,0,3,0,1,0,0,0,0,1,0,0,1,0,0
935,12,583,1,1,0,0,1,0,1,0,0,0,1,0,0,0
936,18,668,3,2,0,0,0,1,0,0,0,1,1,0,0,2
937,9,740,0,1,1,0,0,0,1,0,0,0,0,0,1,2
938,19,822,2,2,0,1,0,0,1,0,0,0,0,1,0,2
939,20,319,0,3,0,0,1,0,1,0,0,0,0,1,0,1
940,13,458,0,3,0,0,1,0,0,1,0,0,1,0,0,0
941,6,391,0,3,0,1,0,0,0,1,0,0,1,0,0,1
942,16,822,0,2,0,0,1,0,0,1,0,0,0,1,0,2
943,6,236,0,3,1,0,0,0,0,1,0,0,0,1,0,1
944,9,238,1,4,0,1,0,0,0,1,0,0,0,1,0,1
945,12,702,0,3,0,1,0,0,0,1,0,0,0,1,0,2
946,7,600,0,3,0,1,0,0,0,1,0,0,0,1,0,0
947,5,235,0,4,0,1,0,0,0,1,0,0,0,1,0,1
948,12,690,0,4,1,0,0,0,0,1,0,0,0,1,0,2
949,16,761,0,3,0,0,1,0,0,0,1,0,1,0,0,2
950,22,867,0,2,0,1,0,0,0,0,0,1,1,0,0,2
951,8,239,0,4,0,0,1,0,0,1,0,0,1,0,0,1
952,16,614,0,2,0,1,0,0,0,0,1,0,0,1,0,0
953,26,832,0,2,0,0,1,0,0,0,1,0,1,0,0,2
954,20,239,0,2,0,1,0,0,0,0,1,0,0,1,0,1
955,7,732,0,3,0,1,0,0,0,1,0,0,0,1,0,2
956,13,444,0,3,0,1,0,0,0,1,0,0,0,1,0,0
957,17,190,0,4,0,1,0,0,0,1,0,0,1,0,0,1
958,21,476,0,3,0,1,0,0,0,0,1,0,1,0,0,0
959,23,500,2,2,0,0,0,1,0,1,0,0,1,0,0,0
960,10,811,0,3,0,1,0,0,0,1,0,0,1,0,0,2
961,4,628,0,3,0,1,0,0,0,1,0,0,0,1,0,0
962,24,810,0,3,0,1,0,0,0,1,0,0,1,0,0,2
963,18,333,0,2,0,0,1,0,1,0,0,0,1,0,0,1
964,11,714,0,5,0,1,0,0,0,1,0,0,0,1,0,2
965,10,780,0,3,1,0,0,0,1,0,0,0,0,1,0,2
966,18,410,0,2,0,0,1,0,0,0,1,0,0,1,0,1
967,24,809,0,2,0,0,1,0,0,1,0,0,0,1,0,2
968,24,332,0,2,0,0,1,0,0,0,1,0,1,0,0,1
969,19,883,1,2,0,0,1,0,0,0,1,0,0,1,0,2
970,21,447,0,5,0,1,0,0,0,0,1,0,0,1,0,0
971,9,363,0,4,0,1,0,0,0,0,0,1,1,0,0,1
972,28,476,1,3,0,1,0,0,0,0,1,0,1,0,0,0
973,4,538,0,3,0,1,0,0,0,0,1,0,0,1,0,0
974,0,193,0,1,1,0,0,0,0,0,1,0,1,0,0,1
975,6,512,0,2,0,1,0,0,0,1,0,0,0,1,0,0
976,29,444,0,2,0,0,1,0,0,1,0,0,1,0,0,0
977,23,504,2,2,0,0,1,0,0,0,0,1,1,0,0,0
978,16,498,0,3,0,0,1,0,0,1,0,0,0,1,0,0
979,19,402,0,2,0,0,1,0,0,1,0,0,0,1,0,1
980,26,433,3,2,0,0,1,0,0,1,0,0,1,0,0,0
981,27,599,0,1,0,0,1,0,0,1,0,0,0,1,0,0
982,7,186,0,3,0,1,0,0,0,0,1,0,0,1,0,1
983,17,286,4,1,0,0,1,0,0,0,1,0,1,0,0,1
984,4,763,0,3,1,0,0,0,0,1,0,0,0,1,0,2
985,22,853,1,3,0,1,0,0,0,1,0,0,0,1,0,2
986,24,317,0,2,0,0,1,0,1,0,0,0,1,0,0,1
987,8,193,0,3,0,0,1,0,0,0,1,0,1,0,0,1
988,4,281,0,1,0,1,0,0,1,0,0,0,1,0,0,1
989,23,418,1,2,0,0,1,0,0,1,0,0,1,0,0,0
990,9,310,0,4,1,0,0,0,0,0,1,0,1,0,0,1
991,25,506,1,3,0,1,0,0,0,1,0,0,1,0,0,0
992,16,424,0,2,0,1,0,0,0,0,1,0,1,0,0,0
993,20,843,2,2,0,0,1,0,0,0,1,0,0,1,0,2
994,12,449,2,1,0,0,0,1,1,0,0,0,0,1,0,0
995,22,645,2,4,0,1,0,0,0,1,0,0,0,1,0,0
996,7,687,0,3,1,0,0,0,1,0,0,0,1,0,0,2
997,16,594,0,3,0,1,0,0,0,0,1,0,0,1,0,0
998,21,698,1,2,0,1,0,0,0,0,1,0,1,0,0,2
999,23,787,0,3,0,0,1,0,0,0,0,1,0,1,0,2
1000,20,599,1,2,0,0,1,0,0,0,0,1,1,0,0,0
1001,10,340,1,4,1,0,0,0,0,1,0,0,1,0,0,1
1002,4,601,0,3,0,1,0,0,0,0,1,0,0,1,0,0
1003,21,859,3,3,0,0,1,0,0,1,0,0,1,0,0,2
1004,8,355,0,3,0,1,0,0,0,1,0,0,0,1,0,1
1005,18,665,0,2,0,1,0,0,0,1,0,0,1,0,0,2
1006,7,843,0,3,0,1,0,0,0,1,0,0,0,1,0,2
1007,9,258,0,4,0,1,0,0,0,1,0,0,0,1,0,1
1008,15,257,0,2,0,0,1,0,0,0,0,1,0,1,0,1
1009,20,269,1,2,0,0,1,0,0,0,1,0,0,1,0,1
1010,11,583,0,2,0,1,0,0,0,1,0,0,1,0,0,0
1011,5,728,0,3,0,1,0,0,0,1,0,0,1,0,0,2
1012,8,680,0,1,1,0,0,0,0,1,0,0,1,0,0,2
1013,10,196,0,3,0,1,0,0,0,1,0,0,1,0,0,1
1014,6,543,0,3,1,0,0,0,0,1,0,0,0,1,0,0
1015,25,668,0,5,0,0,1,0,0,0,0,1,0,1,0,2
1016,6,191,0,3,0,1,0,0,0,0,1,0,0,1,0,1
1017,7,789,0,3,1,0,0,0,0,1,0,0,1,0,0,2
1018,21,633,0,3,0,1,0,0,0,0,1,0,0,1,0,0
1019,7,498,1,2,1,0,0,0,0,1,0,0,1,0,0,0
1020,7,702,0,2,1,0,0,0,1,0,0,0,0,0,1,2
1021,5,518,0,2,0,1,0,0,0,0,1,0,0,1,0,0
1022,32,788,0,3,0,0,1,0,0,0,1,0,0,1,0,2
1023,22,551,1,2,0,0,1,0,0,1,0,0,1,0,0,0
1024,20,714,0,1,0,0,0,1,0,1,0,0,1,0,0,2
1025,16,190,0,2,0,0,1,0,0,1,0,0,1,0,0,1
1026,5,709,0,3,0,1,0,0,0,1,0,0,0,1,0,2
1027,19,234,1,2,0,0,1,0,0,1,0,0,1,0,0,1
1028,13,855,0,1,1,0,0,0,0,1,0,0,1,0,0,2
1029,11,309,0,4,0,1,0,0,0,0,1,0,0,1,0,1
1030,9,470,0,3,0,1,0,0,0,1,0,0,0,1,0,0
1031,6,277,1,3,0,1,0,0,0,1,0,0,0,1,0,1
1032,21,582,0,3,0,1,0,0,0,0,0,1,1,0,0,0
1033,18,253,1,3,0,0,1,0,0,0,1,0,1,0,0,1
1034,8,789,0,4,0,1,0,0,0,0,1,0,1,0,0,2
1035,16,835,0,1,1,0,0,0,1,0,0,0,1,0,0,2
1036,14,223,1,2,0,0,1,0,0,0,1,0,1,0,0,1
1037,5,520,0,3,0,1,0,0,1,0,0,0,1,0,0,0
1038,10,810,0,2,0,1,0,0,0,0,1,0,0,1,0,2
1039,7,463,0,3,0,1,0,0,0,0,1,0,0,1,0,0
1040,27,445,0,3,0,0,1,0,0,0,1,0,0,1,0,0
1041,18,779,0,3,0,1,0,0,1,0,0,0,1,0,0,2
1042,25,545,1,3,0,1,0,0,0,0,1,0,1,0,0,0
1043,20,269,1,2,0,0,1,0,0,0,1,0,0,1,0,1
1044,4,210,1,4,1,0,0,0,0,0,1,0,0,1,0,1
1045,25,684,0,2,0,0,1,0,0,0,0,1,0,1,0,2
1046,7,686,0,3,1,0,0,0,0,1,0,0,0,1,0,2
1047,5,636,0,3,1,0,0,0,1,0,0,0,0,1,0,0
1048,21,818,0,1,0,0,1,0,1,0,0,0,1,0,0,2
1049,15,855,0,3,0,1,0,0,0,1,0,0,1,0,0,2
1050,12,510,0,2,0,1,0,0,0,0,0,1,0,1,0,0
1051,22,765,0,1,0,0,1,0,0,0,0,1,1,0,0,2
1052,17,641,0,2,0,0,1,0,1,0,0,0,1,0,0,0
1053,28,822,1,4,0,0,1,0,0,0,0,1,0,1,0,2
1054,26,525,1,4,0,0,1,0,0,0,1,0,1,0,0,0
1055,20,721,0,1,0,1,0,0,1,0,0,0,0,1,0,2
1056,6,227,1,3,0,1,0,0,0,1,0,0,0,1,0,1
1057,17,265,0,3,0,0,1,0,0,0,1,0,0,1,0,1
1058,8,841,0,4,1,0,0,0,0,0,1,0,1,0,0,2
1059,23,245,2,1,0,0,1,0,1,0,0,0,1,0,0,1
1060,33,881,0,2,0,0,1,0,0,0,1,0,0,1,0,2
1061,4,880,0,1,1,0,0,0,0,0,1,0,1,0,0,2
1062,24,303,0,2,0,0,1,0,0,1,0,0,1,0,0,1
1063,8,221,0,3,0,1,0,0,0,1,0,0,0,1,0,1
1064,25,759,0,3,0,0,1,0,0,0,1,0,1,0,0,2
1065,23,762,0,3,0,0,1,0,0,0,1,0,1,0,0,2
1066,7,311,0,3,0,1,0,0,0,0,0,1,1,0,0,1
1067,14,532,0,2,0,1,0,0,0,0,1,0,1,0,0,0
1068,21,547,1,2,0,0,0,1,0,0,1,0,1,0,0,0
1069,25,610,2,2,0,0,0,1,0,1,0,0,0,1,0,0
1070,6,499,0,4,1,0,0,0,0,1,0,0,0,1,0,0
1071,15,344,0,2,0,1,0,0,0,1,0,0,0,1,0,1
1072,4,619,0,3,0,1,0,0,0,1,0,0,0,1,0,0
1073,13,290,0,1,0,0,1,0,0,0,1,0,1,0,0,1
1074,19,775,0,3,0,1,0,0,0,1,0,0,1,0,0,2
1075,16,862,0,2,0,0,1,0,0,0,1,0,1,0,0,2
1076,4,502,0,3,0,1,0,0,1,0,0,0,1,0,0,0
1077,20,698,1,1,0,0,1,0,0,1,0,0,0,1,0,2
1078,26,696,0,3,0,1,0,0,0,1,0,0,1,0,0,2
1079,6,446,0,3,1,0,0,0,0,1,0,0,1,0,0,0
1080,22,727,4,2,0,0,1,0,0,0,1,0,0,1,0,2
1081,4,243,0,3,0,1,0,0,1,0,0,0,1,0,0,1
1082,17,290,0,1,0,0,1,0,0,0,1,0,0,1,0,1
1083,20,217,1,2,0,0,0,1,0,1,0,0,0,1,0,1
1084,9,250,0,2,0,1,0,0,0,1,0,0,0,1,0,1
1085,17,496,0,2,0,0,1,0,0,0,1,0,1,0,0,0
1086,9,558,0,3,0,1,0,0,0,1,0,0,0,1,0,0
1087,10,295,0,4,0,1,0,0,0,0,1,0,0,1,0,1
1088,15,512,0,2,0,0,1,0,0,1,0,0,1,0,0,0
1089,13,213,0,2,0,0,1,0,0,0,1,0,1,0,0,1
1090,15,792,0,1,0,0,1,0,1,0,0,0,0,1,0,2
1091,4,618,0,3,1,0,0,0,1,0,0,0,0,1,0,0
1092,25,729,0,3,0,1,0,0,0,1,0,0,1,0,0,2
1093,17,450,3,1,0,0,1,0,0,1,0,0,1,0,0,0
1094,14,591,0,3,0,1,0,0,0,1,0,0,0,1,0,0
1095,20,517,0,3,0,1,0,0,1,0,0,0,1,0,0,0
1096,13,432,0,3,0,1,0,0,0,1,0,0,1,0,0,0
1097,6,283,0,3,0,1,0,0,0,1,0,0,1,0,0,1
1098,21,412,1,1,0,0,1,0,0,0,1,0,0,1,0,1
1099,6,196,0,3,0,1,0,0,0,0,0,1,0,1,0,1
1100,8,516,0,2,1,0,0,0,0,1,0,0,0,1,0,0
1101,19,336,1,3,0,0,1,0,0,1,0,0,0,1,0,1
1102,19,215,0,4,0,0,1,0,0,0,1,0,1,0,0,1
1103,16,675,0,1,0,0,1,0,0,0,1,0,1,0,0,2
1104,16,671,1,1,0,0,1,0,1,0,0,0,0,1,0,2
1105,4,326,0,3,0,1,0,0,0,1,0,0,0,1,0,1
1106,19,318,1,1,0,0,0,1,0,0,1,0,0,1,0,1
1107,9,489,0,2,1,0,0,0,1,0,0,0,0,1,0,0
1108,14,491,2,3,0,0,1,0,0,1,0,0,1,0,0,0
1109,5,442,1,3,0,1,0,0,1,0,0,0,0,1,0,0
1110,12,468,1,2,0,1,0,0,1,0,0,0,0,1,0,0
1111,6,715,0,2,1,0,0,0,0,0,1,0,0,0,1,2
1112,23,476,0,3,0,1,0,0,0,1,0,0,0,1,0,0
1113,22,452,0,2,0,0,1,0,0,1,0,0,1,0,0,0
1114,9,770,0,3,0,1,0,0,0,1,0,0,0,1,0,2
1115,16,594,0,3,0,1,0,0,0,1,0,0,0,1,0,0
1116,8,373,0,2,0,1,0,0,0,1,0,0,1,0,0,1
1117,14,774,0,3,0,1,0,0,0,0,1,0,1,0,0,2
1118,20,744,0,3,0,1,0,0,0,0,1,0,1,0,0,2
1119,18,876,0,3,0,0,0,1,0,0,1,0,1,0,0,2
1120,7,252,0,5,0,1,0,0,0,1,0,0,1,0,0,1
1121,4,719,0,1,1,0,0,0,1,0,0,0,0,0,1,2
1122,25,377,0,1,0,0,1,0,0,0,0,1,0,1,0,1
1123,17,716,1,3,0,0,1,0,0,0,0,1,0,1,0,2
1124,4,448,0,3,1,0,0,0,0,0,1,0,1,0,0,0
1125,5,208,0,3,0,1,0,0,0,1,0,0,1,0,0,1
1126,24,780,1,3,0,0,1,0,0,1,0,0,1,0,0,2
1127,21,429,3,1,0,0,1,0,1,0,0,0,1,0,0,0
1128,14,222,0,3,0,1,0,0,0,1,0,0,0,1,0,1
1129,9,879,0,4,0,1,0,0,0,1,0,0,0,1,0,2
1130,20,608,0,1,0,0,1,0,0,0,1,0,0,1,0,0
1131,8,224,0,1,1,0,0,0,1,0,0,0,0,1,0,1
1132,14,698,0,3,0,1,0,0,0,0,1,0,1,0,0,2
1133,22,560,0,3,0,1,0,0,0,0,0,1,0,1,0,0
1134,7,700,0,3,0,1,0,0,1,0,0,0,1,0,0,2
1135,7,235,0,2,1,0,0,0,0,1,0,0,0,1,0,1
1136,8,502,0,2,0,1,0,0,0,0,1,0,0,1,0,0
1137,25,422,0,1,0,0,1,0,0,0,0,1,1,0,0,0
1138,11,345,0,3,1,0,0,0,0,1,0,0,0,1,0,1
1139,9,408,1,3,0,1,0,0,0,1,0,0,1,0,0,1
1140,31,839,0,4,0,1,0,0,0,0,1,0,1,0,0,2
1141,16,415,0,3,0,0,1,0,0,0,1,0,0,1,0,0
1142,4,810,1,2,1,0,0,0,1,0,0,0,1,0,0,2
1143,27,544,0,1,0,1,0,0,0,0,0,1,0,1,0,0
1144,24,855,0,3,0,0,1,0,0,0,1,0,1,0,0,2
1145,4,855,0,3,1,0,0,0,0,1,0,0,1,0,0,2
1146,26,831,1,2,0,0,1,0,0,1,0,0,1,0,0,2
1147,12,273,0,3,0,1,0,0,0,0,1,0,0,1,0,1
1148,10,218,0,3,1,0,0,0,0,0,1,0,0,1,0,1
1149,26,529,0,4,0,1,0,0,0,1,0,0,1,0,0,0
1150,15,757,0,2,0,1,0,0,0,1,0,0,1,0,0,2
1151,11,217,0,2,0,0,1,0,0,0,1,0,1,0,0,1
1152,25,661,0,3,0,1,0,0,0,0,0,1,1,0,0,2
1153,12,284,0,3,0,1,0,0,0,0,1,0,1,0,0,1
1154,31,839,0,4,0,1,0,0,0,0,1,0,1,0,0,2
1155,17,803,1,3,0,0,1,0,0,0,1,0,1,0,0,2
1156,21,862,0,2,0,0,1,0,1,0,0,0,1,0,0,2
1157,12,445,0,3,0,1,0,0,0,1,0,0,0,1,0,0
1158,22,588,0,3,0,0,1,0,0,1,0,0,1,0,0,0
1159,6,545,0,3,0,1,0,0,0,1,0,0,0,1,0,0
1160,9,862,0,5,0,1,0,0,0,1,0,0,1,0,0,2
1161,17,582,0,2,0,0,1,0,0,0,0,1,1,0,0,0
1162,16,344,0,1,0,0,1,0,0,1,0,0,1,0,0,1
1163,4,318,1,2,1,0,0,0,1,0,0,0,0,0,1,1
1164,5,290,0,2,1,0,0,0,0,1,0,0,0,1,0,1
1165,16,858,0,2,0,0,1,0,1,0,0,0,0,1,0,2
1166,17,354,1,4,0,0,1,0,0,0,1,0,0,1,0,1
1167,7,723,0,3,1,0,0,0,0,1,0,0,0,0,1,2
1168,13,414,0,3,0,1,0,0,0,0,1,0,0,1,0,1
1169,4,789,0,4,0,1,0,0,0,0,0,1,0,1,0,2
1170,17,594,0,3,0,1,0,0,0,1,0,0,1,0,0,0
1171,9,628,0,3,1,0,0,0,0,1,0,0,1,0,0,0
1172,18,322,1,1,0,0,0,1,1,0,0,0,0,1,0,1
1173,19,718,0,3,0,1,0,0,0,0,0,1,1,0,0,2
1174,11,726,0,3,0,1,0,0,0,0,1,0,1,0,0,2
1175,21,712,1,2,0,1,0,0,0,0,1,0,0,1,0,2
1176,12,608,0,3,1,0,0,0,0,0,1,0,0,0,1,0
1177,4,238,0,2,1,0,0,0,0,1,0,0,1,0,0,1
1178,5,517,0,2,1,0,0,0,1,0,0,0,1,0,0,0
1179,7,497,0,4,0,1,0,0,0,0,1,0,1,0,0,0
1180,26,494,1,2,0,0,1,0,0,0,0,1,0,1,0,0
1181,10,756,0,3,0,1,0,0,0,0,1,0,0,1,0,2
1182,5,308,0,4,0,1,0,0,0,1,0,0,0,1,0,1
1183,16,740,0,1,0,0,1,0,0,1,0,0,0,1,0,2
1184,25,775,2,2,0,0,1,0,0,1,0,0,0,1,0,2
1185,6,256,0,2,0,0,1,0,0,0,1,0,1,0,0,1
1186,9,318,0,2,0,0,1,0,0,0,0,1,1,0,0,1
1187,10,619,0,4,0,1,0,0,0,1,0,0,0,1,0,0
1188,22,620,0,2,0,0,1,0,0,1,0,0,0,1,0,0
1189,8,487,0,3,0,1,0,0,0,0,1,0,0,1,0,0
1190,19,641,1,3,0,0,1,0,0,1,0,0,0,1,0,0
1191,14,271,0,2,0,0,1,0,0,1,0,0,0,1,0,1
1192,27,844,0,2,0,0,1,0,0,0,1,0,0,1,0,2
1193,12,477,0,4,0,1,0,0,0,1,0,0,1,0,0,0
1194,22,706,0,3,0,0,1,0,0,0,1,0,1,0,0,2
1195,11,366,0,3,0,1,0,0,0,0,1,0,0,1,0,1
1196,6,813,1,2,1,0,0,0,0,1,0,0,1,0,0,2
1197,17,502,0,2,0,0,1,0,0,0,1,0,0,1,0,0
1198,22,680,1,3,0,1,0,0,0,0,1,0,0,1,0,2
1199,26,405,1,2,0,0,1,0,0,0,1,0,0,1,0,1
1200,6,429,0,2,1,0,0,0,1,0,0,0,1,0,0,0
1201,5,319,1,4,0,1,0,0,0,0,1,0,0,1,0,1
1202,9,589,0,3,0,1,0,0,0,0,1,0,1,0,0,0
1203,15,446,1,3,0,1,0,0,0,0,1,0,1,0,0,0
1204,18,626,0,3,0,0,1,0,0,0,1,0,1,0,0,0
1205,31,431,1,3,0,0,1,0,0,1,0,0,1,0,0,0
1206,21,660,1,2,0,0,1,0,0,1,0,0,1,0,0,2
1207,15,792,0,4,0,1,0,0,0,1,0,0,1,0,0,2
1208,11,552,0,3,0,1,0,0,0,1,0,0,1,0,0,0
1209,17,533,0,2,0,0,1,0,0,0,1,0,1,0,0,0
1210,13,876,0,4,0,1,0,0,0,0,1,0,0,1,0,2
1211,24,452,0,2,0,0,1,0,1,0,0,0,0,1,0,0
1212,8,712,0,2,0,1,0,0,0,0,1,0,1,0,0,2
1213,10,862,0,2,1,0,0,0,1,0,0,0,0,0,1,2
1214,4,466,0,3,1,0,0,0,0,1,0,0,1,0,0,0
1215,22,705,1,1,0,0,1,0,0,0,1,0,0,1,0,2
1216,7,520,1,4,0,1,0,0,0,1,0,0,1,0,0,0
1217,11,466,0,3,0,1,0,0,0,0,1,0,0,1,0,0
1218,20,613,0,3,0,0,1,0,0,0,1,0,0,1,0,0
1219,22,446,1,1,0,0,1,0,0,0,1,0,0,1,0,0
1220,7,801,1,3,1,0,0,0,1,0,0,0,1,0,0,2
1221,18,504,0,3,0,1,0,0,0,1,0,0,0,1,0,0
1222,9,277,0,4,0,1,0,0,0,0,1,0,0,1,0,1
1223,14,685,0,3,0,1,0,0,0,1,0,0,1,0,0,2
1224,5,551,0,3,0,1,0,0,1,0,0,0,0,1,0,0
1225,10,326,0,2,0,1,0,0,0,1,0,0,1,0,0,1
1226,7,651,0,3,1,0,0,0,1,0,0,0,1,0,0,2
1227,5,244,0,3,0,1,0,0,0,1,0,0,0,1,0,1
1228,25,220,0,3,0,0,1,0,0,1,0,0,1,0,0,1
1229,8,259,0,3,0,1,0,0,0,0,1,0,0,1,0,1
1230,24,454,3,2,0,0,1,0,0,1,0,0,1,0,0,0
1231,5,546,0,3,1,0,0,0,1,0,0,0,1,0,0,0
1232,12,398,0,3,0,1,0,0,0,0,0,1,1,0,0,1
1233,5,348,0,2,1,0,0,0,1,0,0,0,0,0,1,1
1234,7,455,0,5,0,0,1,0,0,0,1,0,0,1,0,0
1235,23,222,1,2,0,0,1,0,0,0,1,0,1,0,0,1
1236,10,256,0,2,0,0,1,0,0,0,0,1,0,1,0,1
1237,16,880,0,3,1,0,0,0,0,1,0,0,0,1,0,2
1238,15,228,0,1,1,0,0,0,0,1,0,0,1,0,0,1
1239,11,759,0,2,1,0,0,0,1,0,0,0,0,0,1,2
1240,4,636,0,4,0,1,0,0,0,1,0,0,1,0,0,0
1241,4,283,0,3,1,0,0,0,0,1,0,0,0,1,0,1
1242,27,222,1,3,0,0,1,0,0,1,0,0,1,0,0,1
1243,13,492,2,2,0,0,1,0,0,0,1,0,0,1,0,0
1244,28,534,1,4,0,0,1,0,0,0,0,1,1,0,0,0
1245,34,678,1,3,0,0,1,0,0,0,1,0,0,1,0,2
1246,17,476,0,3,0,0,1,0,0,1,0,0,1,0,0,0
1247,23,440,0,2,0,0,1,0,0,0,1,0,1,0,0,0
1248,18,885,0,4,0,1,0,0,0,1,0,0,0,1,0,2
1249,16,881,0,3,0,0,1,0,0,0,1,0,0,1,0,2
1250,19,234,0,3,0,0,1,0,0,1,0,0,1,0,0,1
1251,4,288,1,4,0,1,0,0,0,1,0,0,1,0,0,1
1252,23,503,2,2,0,0,1,0,0,1,0,0,1,0,0,0
1253,6,227,1,3,0,1,0,0,0,1,0,0,0,1,0,1
1254,17,589,1,1,0,0,0,1,1,0,0,0,0,1,0,0
1255,27,392,2,2,0,0,1,0,1,0,0,0,0,1,0,1
1256,8,544,0,4,0,1,0,0,0,0,1,0,1,0,0,0
1257,7,301,0,3,0,1,0,0,0,0,0,1,1,0,0,1
1258,17,450,3,1,0,0,1,0,0,1,0,0,1,0,0,0
1259,29,829,0,4,0,1,0,0,0,0,1,0,0,1,0,2
1260,9,692,0,3,1,0,0,0,0,1,0,0,1,0,0,2
1261,10,499,0,3,0,1,0,0,0,0,0,1,0,1,0,0
1262,19,194,0,1,0,0,1,0,0,0,1,0,0,1,0,1
1263,16,269,1,2,0,1,0,0,0,0,0,1,1,0,0,1
1264,24,709,0,2,0,0,1,0,0,0,1,0,0,1,0,2
1265,14,858,1,2,0,1,0,0,0,1,0,0,1,0,0,2
1266,25,653,0,4,0,1,0,0,0,0,1,0,0,1,0,2
1267,9,771,0,2,1,0,0,0,0,1,0,0,0,1,0,2
1268,22,674,1,3,0,0,1,0,0,1,0,0,1,0,0,2
1269,4,381,1,3,0,1,0,0,0,1,0,0,0,1,0,1
1270,8,730,0,5,0,1,0,0,0,0,1,0,1,0,0,2
1271,22,832,1,1,0,0,1,0,0,1,0,0,1,0,0,2
1272,18,398,0,3,0,1,0,0,0,1,0,0,1,0,0,1
1273,19,875,1,2,0,0,1,0,1,0,0,0,1,0,0,2
1274,28,866,2,1,0,1,0,0,0,1,0,0,0,1,0,2
1275,6,833,0,4,0,1,0,0,0,0,1,0,0,1,0,2
1276,17,529,0,2,0,1,0,0,0,0,0,1,0,1,0,0
1277,13,787,0,2,1,0,0,0,0,0,0,1,0,0,1,2
1278,5,658,0,2,0,1,0,0,0,1,0,0,1,0,0,2
1279,18,769,1,3,0,1,0,0,0,1,0,0,0,1,0,2
1280,7,572,0,4,0,1,0,0,0,1,0,0,0,1,0,0
1281,23,690,3,2,0,0,1,0,0,1,0,0,0,1,0,2
1282,21,732,0,2,0,1,0,0,0,1,0,0,1,0,0,2
1283,4,483,0,2,1,0,0,0,0,0,1,0,1,0,0,0
1284,5,519,0,2,1,0,0,0,0,1,0,0,1,0,0,0
1285,8,289,0,3,0,1,0,0,0,1,0,0,0,1,0,1
1286,4,390,0,3,0,1,0,0,0,1,0,0,0,1,0,1
1287,7,264,0,3,0,1,0,0,0,0,1,0,0,1,0,1
1288,10,278,0,3,0,0,1,0,0,0,1,0,0,1,0,1
1289,5,433,0,3,0,1,0,0,0,1,0,0,0,1,0,0
1290,25,556,1,3,0,0,1,0,0,0,1,0,1,0,0,0
1291,15,316,1,2,0,0,1,0,0,0,0,1,1,0,0,1
1292,10,735,0,3,1,0,0,0,0,1,0,0,1,0,0,2
1293,18,668,3,2,0,0,0,1,0,0,0,1,1,0,0,2
1294,6,317,0,2,1,0,0,0,1,0,0,0,0,1,0,1
1295,16,675,0,3,0,1,0,0,0,1,0,0,1,0,0,2
1296,19,791,1,2,0,0,1,0,0,1,0,0,1,0,0,2
1297,26,552,0,3,0,0,1,0,0,0,1,0,1,0,0,0
1298,19,638,0,4,0,1,0,0,0,1,0,0,1,0,0,0
1299,23,223,2,2,0,0,1,0,0,0,1,0,0,1,0,1
1300,28,352,4,2,0,0,1,0,1,0,0,0,1,0,0,1
1301,32,528,0,3,0,0,1,0,0,1,0,0,1,0,0,0
1302,21,335,0,3,0,0,1,0,0,0,1,0,0,1,0,1
1303,23,769,0,1,0,0,1,0,0,0,1,0,0,1,0,2
1304,15,493,0,3,0,1,0,0,0,0,1,0,0,1,0,0
1305,26,421,0,3,0,0,1,0,0,0,1,0,0,1,0,0
1306,14,355,0,3,0,0,1,0,1,0,0,0,0,1,0,1
1307,9,621,0,3,1,0,0,0,0,0,1,0,0,1,0,0
1308,17,457,0,3,0,1,0,0,0,0,1,0,1,0,0,0
1309,5,205,0,4,0,1,0,0,0,1,0,0,0,1,0,1
1310,8,521,0,4,0,1,0,0,0,1,0,0,1,0,0,0
1311,5,334,0,3,0,1,0,0,1,0,0,0,1,0,0,1
1312,27,619,0,2,0,0,1,0,0,0,1,0,0,1,0,0
1313,15,574,0,3,0,1,0,0,0,0,1,0,0,1,0,0
1314,26,359,1,3,0,0,1,0,0,1,0,0,1,0,0,1
1315,16,850,1,3,0,1,0,0,0,1,0,0,1,0,0,2
1316,8,278,0,3,1,0,0,0,0,1,0,0,0,0,1,1
1317,28,686,0,3,0,0,1,0,0,0,1,0,0,1,0,2
1318,7,258,0,2,1,0,0,0,1,0,0,0,1,0,0,1
1319,9,463,0,3,0,1,0,0,0,1,0,0,0,1,0,0
1320,2,385,0,1,1,0,0,0,1,0,0,0,0,1,0,1
1321,17,410,1,2,0,0,1,0,0,0,0,1,0,1,0,1
1322,8,300,0,3,1,0,0,0,0,1,0,0,1,0,0,1
1323,17,750,0,4,0,1,0,0,0,1,0,0,1,0,0,2
1324,21,470,2,3,0,0,1,0,0,0,1,0,1,0,0,0
1325,27,521,0,1,0,0,0,1,0,0,0,1,1,0,0,0
1326,20,866,3,3,0,0,0,1,0,1,0,0,0,1,0,2
1327,13,471,0,3,0,1,0,0,0,1,0,0,1,0,0,0
1328,17,603,0,2,0,0,1,0,1,0,0,0,1,0,0,0
1329,8,256,0,2,0,1,0,0,1,0,0,0,0,1,0,1
1330,5,442,0,2,0,1,0,0,0,0,0,1,1,0,0,0
1331,14,876,0,2,0,1,0,0,1,0,0,0,1,0,0,2
1332,13,217,1,3,0,1,0,0,0,0,1,0,1,0,0,1
1333,16,771,0,3,0,1,0,0,0,1,0,0,0,1,0,2
1334,28,822,1,4,0,0,1,0,0,0,0,1,0,1,0,2
1335,6,684,0,2,1,0,0,0,1,0,0,0,1,0,0,2
1336,4,652,0,2,1,0,0,0,1,0,0,0,0,0,1,2
1337,8,680,0,2,0,1,0,0,0,1,0,0,1,0,0,2
1338,5,690,0,3,1,0,0,0,0,0,1,0,0,1,0,2
1339,16,560,0,2,0,1,0,0,1,0,0,0,0,1,0,0
1340,24,488,1,3,0,0,1,0,0,1,0,0,1,0,0,0
1341,20,608,0,1,0,0,1,0,0,0,1,0,0,1,0,0
1342,23,642,0,2,0,0,1,0,0,0,1,0,0,1,0,0
1343,17,437,0,1,0,0,1,0,1,0,0,0,1,0,0,0
1344,4,784,0,3,1,0,0,0,1,0,0,0,1,0,0,2
1345,11,339,0,3,0,0,1,0,0,0,1,0,1,0,0,1
1346,20,783,1,2,0,0,1,0,1,0,0,0,1,0,0,2
1347,23,655,0,2,0,0,1,0,0,0,1,0,1,0,0,2
1348,8,619,1,3,0,1,0,0,0,1,0,0,1,0,0,0
1349,19,248,0,1,0,0,1,0,0,0,0,1,0,1,0,1
1350,19,368,0,1,0,0,1,0,0,0,1,0,1,0,0,1
1351,10,454,0,3,0,1,0,0,0,1,0,0,0,1,0,0
1352,22,827,0,4,0,0,1,0,0,1,0,0,1,0,0,2
1353,7,404,1,3,1,0,0,0,1,0,0,0,0,0,1,1
1354,22,581,0,3,0,1,0,0,0,1,0,0,1,0,0,0
1355,27,884,0,2,0,1,0,0,0,0,0,1,0,1,0,2
1356,15,525,1,2,0,0,1,0,0,1,0,0,0,1,0,0
1357,16,849,0,2,0,0,1,0,0,0,1,0,0,1,0,2
1358,17,420,0,2,0,1,0,0,0,1,0,0,1,0,0,0
1359,5,402,0,3,0,1,0,0,0,1,0,0,1,0,0,1
1360,12,371,0,2,0,1,0,0,0,1,0,0,0,1,0,1
1361,11,233,0,3,0,0,1,0,0,0,1,0,1,0,0,1
1362,12,247,0,2,0,1,0,0,0,1,0,0,1,0,0,1
1363,8,372,0,4,0,1,0,0,0,0,1,0,0,1,0,1
1364,6,605,0,4,0,1,0,0,0,0,1,0,0,1,0,0
1365,22,819,1,2,0,1,0,0,0,0,1,0,0,1,0,2
1366,28,669,0,3,0,1,0,0,0,1,0,0,0,1,0,2
1367,17,760,0,2,0,1,0,0,0,0,1,0,1,0,0,2
1368,20,367,0,4,0,1,0,0,0,1,0,0,1,0,0,1
1369,7,499,1,3,1,0,0,0,1,0,0,0,1,0,0,0
1370,15,555,1,3,0,1,0,0,0,1,0,0,0,1,0,0
1371,14,640,0,3,0,1,0,0,0,1,0,0,0,1,0,0
1372,10,241,0,2,0,1,0,0,0,0,1,0,0,1,0,1
1373,12,547,0,4,0,1,0,0,0,0,1,0,0,1,0,0
1374,5,850,0,4,0,1,0,0,0,0,1,0,1,0,0,2
1375,4,354,0,3,0,1,0,0,0,0,1,0,0,1,0,1
1376,6,817,0,3,1,0,0,0,0,1,0,0,1,0,0,2
1377,20,351,2,2,0,0,0,1,0,0,0,1,1,0,0,1
1378,5,305,0,3,0,1,0,0,0,1,0,0,0,1,0,1
1379,6,499,0,4,1,0,0,0,0,1,0,0,0,1,0,0
1380,5,746,0,4,0,1,0,0,0,1,0,0,1,0,0,2
1381,21,244,0,2,0,0,1,0,0,1,0,0,1,0,0,1
1382,17,447,0,4,0,1,0,0,0,1,0,0,0,1,0,0
1383,10,455,0,3,1,0,0,0,0,1,0,0,1,0,0,0
1384,5,305,0,3,0,1,0,0,0,1,0,0,0,1,0,1
1385,6,783,0,3,0,1,0,0,0,1,0,0,0,1,0,2
1386,7,231,0,3,0,1,0,0,0,1,0,0,0,1,0,1
1387,23,520,0,4,0,0,1,0,0,0,1,0,0,1,0,0
1388,4,224,0,3,0,1,0,0,0,1,0,0,1,0,0,1
1389,8,328,0,2,1,0,0,0,0,1,0,0,1,0,0,1
1390,22,620,0,2,0,0,1,0,0,1,0,0,0,1,0,0
1391,14,752,0,4,0,1,0,0,0,1,0,0,0,1,0,2
1392,15,859,0,4,0,0,1,0,0,0,1,0,1,0,0,2
1393,21,278,0,3,0,0,1,0,0,1,0,0,1,0,0,1
1394,10,255,0,3,0,1,0,0,0,0,0,1,1,0,0,1
1395,14,871,0,2,0,1,0,0,0,0,1,0,1,0,0,2
1396,26,811,0,3,0,1,0,0,0,1,0,0,0,1,0,2
1397,11,877,0,4,0,1,0,0,0,0,1,0,0,1,0,2
1398,16,630,0,3,0,1,0,0,0,0,0,1,0,1,0,0
1399,22,380,0,3,0,0,1,0,0,0,0,1,0,1,0,1
1400,18,845,0,3,0,1,0,0,0,0,0,1,1,0,0,2
1401,11,847,0,3,0,1,0,0,0,0,0,1,0,1,0,2
1402,22,825,0,3,0,0,1,0,0,1,0,0,0,1,0,2
1403,16,591,3,3,0,0,1,0,0,1,0,0,1,0,0,0
1404,4,317,0,4,0,1,0,0,0,1,0,0,0,1,0,1
1405,21,344,1,2,0,0,1,0,0,0,0,1,1,0,0,1
1406,11,687,0,2,0,1,0,0,1,0,0,0,1,0,0,2
1407,19,570,0,2,0,1,0,0,0,1,0,0,1,0,0,0
1408,6,715,0,2,1,0,0,0,0,0,1,0,0,0,1,2
1409,10,312,0,2,0,1,0,0,0,0,0,1,1,0,0,1
1410,7,291,0,5,0,1,0,0,0,1,0,0,1,0,0,1
1411,9,338,0,4,1,0,0,0,0,1,0,0,1,0,0,1
1412,4,265,0,5,0,1,0,0,0,1,0,0,0,1,0,1
1413,23,445,0,1,0,0,1,0,0,1,0,0,0,1,0,0
1414,23,781,1,2,0,0,1,0,0,0,1,0,1,0,0,2
1415,5,319,0,3,0,1,0,0,0,1,0,0,0,1,0,1
1416,5,734,0,2,1,0,0,0,0,0,1,0,1,0,0,2
1417,9,607,0,3,1,0,0,0,0,1,0,0,1,0,0,0
1418,4,628,0,3,0,1,0,0,0,1,0,0,0,1,0,0
1419,4,472,0,3,0,1,0,0,0,1,0,0,0,1,0,0
1420,7,277,0,3,0,1,0,0,0,0,1,0,0,1,0,1
1421,14,668,0,1,0,1,0,0,0,1,0,0,1,0,0,2
1422,5,636,0,3,1,0,0,0,1,0,0,0,0,1,0,0
1423,5,322,0,2,0,1,0,0,0,1,0,0,0,1,0,1
1424,23,378,2,2,0,0,0,1,1,0,0,0,1,0,0,1
1425,7,374,0,3,0,1,0,0,0,1,0,0,1,0,0,1
1426,17,428,0,3,0,0,1,0,0,0,1,0,1,0,0,0
1427,6,607,1,4,0,1,0,0,0,1,0,0,0,1,0,0
1428,15,859,0,4,0,0,1,0,0,0,1,0,1,0,0,2
1429,4,706,0,2,1,0,0,0,1,0,0,0,0,1,0,2
1430,7,253,0,2,0,1,0,0,0,0,1,0,1,0,0,1
1431,9,686,0,3,0,1,0,0,1,0,0,0,1,0,0,2
1432,9,532,0,4,0,1,0,0,0,0,0,1,1,0,0,0
1433,4,467,0,4,0,1,0,0,0,0,0,1,0,1,0,0
1434,9,850,0,3,1,0,0,0,0,1,0,0,1,0,0,2
1435,23,799,1,1,0,0,1,0,0,0,0,1,0,1,0,2
1436,23,461,2,2,0,0,1,0,0,0,0,1,1,0,0,0
1437,13,443,0,2,0,1,0,0,0,0,1,0,1,0,0,0
1438,18,746,0,2,0,0,1,0,0,1,0,0,0,1,0,2
1439,26,761,1,3,0,1,0,0,0,0,1,0,1,0,0,2
1440,17,433,0,2,0,0,1,0,1,0,0,0,0,1,0,0
1441,17,284,0,3,0,0,1,0,0,1,0,0,0,1,0,1
1442,12,683,0,3,0,1,0,0,0,1,0,0,1,0,0,2
1443,17,206,0,2,0,0,1,0,0,0,1,0,1,0,0,1
1444,23,414,0,1,0,0,1,0,0,0,0,1,1,0,0,1
1445,6,458,0,2,0,1,0,0,0,0,1,0,0,1,0,0
1446,17,856,0,2,0,1,0,0,0,0,1,0,0,1,0,2
1447,16,190,0,2,0,0,1,0,0,1,0,0,1,0,0,1
1448,11,810,0,2,0,1,0,0,0,1,0,0,1,0,0,2
1449,10,719,0,4,1,0,0,0,0,1,0,0,1,0,0,2
1450,25,323,3,1,0,0,0,1,0,1,0,0,1,0,0,1
1451,18,839,0,2,0,1,0,0,0,1,0,0,0,1,0,2
1452,21,340,1,2,0,0,1,0,0,0,0,1,0,1,0,1
1453,25,500,0,3,0,0,1,0,0,0,1,0,1,0,0,0
1454,5,263,2,4,0,1,0,0,0,0,1,0,0,1,0,1
1455,9,197,0,3,1,0,0,0,0,1,0,0,1,0,0,1
1456,5,542,0,3,1,0,0,0,1,0,0,0,0,1,0,0
1457,22,560,0,2,0,1,0,0,0,0,1,0,0,1,0,0
1458,21,687,0,3,0,1,0,0,0,0,0,1,1,0,0,2
1459,20,599,1,2,0,0,1,0,0,0,0,1,1,0,0,0
1460,4,327,0,4,0,1,0,0,0,0,0,1,0,1,0,1
1461,25,715,0,3,0,0,1,0,0,1,0,0,1,0,0,2
1462,8,376,0,4,1,0,0,0,0,1,0,0,0,1,0,1
1463,12,609,0,3,0,1,0,0,0,1,0,0,1,0,0,0
1464,5,614,0,2,0,1,0,0,0,0,1,0,1,0,0,0
1465,18,852,2,4,0,0,0,1,0,1,0,0,0,1,0,2
1466,21,776,0,3,0,0,1,0,0,0,1,0,1,0,0,2
1467,9,688,0,3,0,1,0,0,0,0,1,0,1,0,0,2
1468,23,769,0,1,0,0,1,0,0,0,1,0,0,1,0,2
1469,7,425,0,3,0,0,1,0,0,1,0,0,0,1,0,0
1470,10,430,0,1,0,1,0,0,1,0,0,0,0,1,0,0
1471,27,342,1,3,0,1,0,0,0,0,1,0,0,1,0,1
1472,31,640,0,2,0,0,1,0,0,1,0,0,1,0,0,0
1473,23,853,0,3,0,0,1,0,0,0,1,0,1,0,0,2
1474,5,442,0,3,1,0,0,0,0,1,0,0,0,1,0,0
1475,6,497,0,3,1,0,0,0,0,1,0,0,1,0,0,0
1476,18,882,0,3,0,0,1,0,0,1,0,0,0,1,0,2
1477,25,669,0,2,0,0,1,0,0,1,0,0,0,1,0,2
1478,15,193,0,2,0,0,1,0,0,1,0,0,0,1,0,1
1479,22,205,1,5,0,0,1,0,0,0,0,1,0,1,0,1
1480,29,720,1,3,0,0,1,0,0,0,1,0,1,0,0,2
1481,18,417,0,3,0,1,0,0,0,1,0,0,0,1,0,0
1482,30,556,0,4,0,0,1,0,0,1,0,0,0,1,0,0
1483,15,710,0,3,0,1,0,0,0,0,0,1,0,1,0,2
1484,29,523,3,2,0,0,0,1,1,0,0,0,1,0,0,0
1485,25,457,0,3,0,0,1,0,0,1,0,0,1,0,0,0
1486,8,386,0,3,0,1,0,0,1,0,0,0,1,0,0,1
1487,26,340,0,2,0,0,1,0,0,0,1,0,1,0,0,1
1488,6,396,0,2,0,1,0,0,0,1,0,0,1,0,0,1
1489,21,868,1,3,0,1,0,0,0,1,0,0,0,1,0,2
1490,25,779,0,3,0,0,1,0,0,0,1,0,1,0,0,2
1491,30,718,0,2,0,0,1,0,1,0,0,0,1,0,0,2
1492,19,689,0,4,0,1,0,0,0,1,0,0,0,1,0,2
1493,5,322,0,2,0,1,0,0,0,1,0,0,0,1,0,1
1494,20,867,0,3,0,1,0,0,0,1,0,0,1,0,0,2
1495,32,787,0,4,0,1,0,0,0,1,0,0,0,1,0,2
1496,22,864,1,1,0,1,0,0,0,0,1,0,0,1,0,2
1497,14,287,1,2,0,0,1,0,0,1,0,0,0,1,0,1
1498,26,541,0,4,0,1,0,0,0,1,0,0,0,1,0,0
1499,30,785,1,3,0,1,0,0,0,1,0,0,0,1,0,2
1500,24,433,0,2,0,0,1,0,0,1,0,0,0,1,0,0
1501,27,572,0,3,0,1,0,0,0,0,1,0,1,0,0,0
1502,18,333,0,2,0,0,1,0,1,0,0,0,1,0,0,1
1503,11,866,0,3,0,1,0,0,0,1,0,0,0,1,0,2
1504,26,767,0,3,0,0,1,0,0,0,1,0,1,0,0,2
1505,22,249,0,2,0,0,1,0,1,0,0,0,1,0,0,1
1506,7,611,0,2,1,0,0,0,0,1,0,0,0,1,0,0
1507,12,296,0,2,0,1,0,0,0,1,0,0,1,0,0,1
1508,26,764,0,3,0,1,0,0,0,0,1,0,1,0,0,2
1509,7,479,0,3,0,1,0,0,0,1,0,0,1,0,0,0
1510,7,468,0,3,0,1,0,0,0,1,0,0,0,1,0,0
1511,7,781,0,2,1,0,0,0,0,1,0,0,1,0,0,2
1512,19,577,0,1,0,0,0,1,1,0,0,0,0,1,0,0
1513,22,585,0,2,0,0,1,0,0,1,0,0,1,0,0,0
1514,7,328,0,2,0,1,0,0,0,1,0,0,1,0,0,1
1515,7,240,0,3,0,1,0,0,0,1,0,0,0,1,0,1
1516,0,628,0,2,1,0,0,0,0,1,0,0,1,0,0,0
1517,32,772,0,4,0,0,1,0,0,1,0,0,1,0,0,2
1518,17,271,0,1,0,0,1,0,0,0,0,1,0,1,0,1
1519,9,751,0,4,1,0,0,0,0,0,1,0,1,0,0,2
1520,15,311,2,1,0,0,1,0,1,0,0,0,0,1,0,1
1521,7,648,0,3,1,0,0,0,0,0,1,0,1,0,0,0
1522,26,751,1,3,0,1,0,0,0,1,0,0,0,1,0,2
1523,17,596,1,4,0,1,0,0,0,0,1,0,0,1,0,0
1524,27,201,0,3,0,0,1,0,0,1,0,0,0,1,0,1
1525,11,866,0,3,0,1,0,0,0,1,0,0,0,1,0,2
1526,8,849,0,3,1,0,0,0,1,0,0,0,0,1,0,2
1527,17,818,0,2,1,0,0,0,1,0,0,0,0,1,0,2
1528,5,377,0,2,1,0,0,0,1,0,0,0,1,0,0,1
1529,16,390,0,1,0,0,1,0,0,0,1,0,0,1,0,1
1530,19,807,1,3,0,0,1,0,0,1,0,0,0,1,0,2
1531,28,719,0,2,0,0,1,0,0,0,1,0,0,1,0,2
1532,9,279,0,3,0,1,0,0,1,0,0,0,1,0,0,1
1533,27,664,0,4,0,0,1,0,0,0,1,0,0,1,0,2
1534,20,763,0,2,0,0,1,0,0,1,0,0,1,0,0,2
1535,4,585,0,4,0,1,0,0,0,0,0,1,0,1,0,0
1536,24,853,0,2,0,1,0,0,0,0,1,0,1,0,0,2
1537,7,718,0,3,0,1,0,0,1,0,0,0,0,1,0,2
1538,6,486,0,2,0,1,0,0,1,0,0,0,0,1,0,0
1539,8,783,0,1,0,1,0,0,0,0,1,0,1,0,0,2
1540,20,711,0,2,0,0,1,0,0,0,1,0,1,0,0,2
1541,4,643,0,4,0,1,0,0,0,1,0,0,0,1,0,0
1542,7,446,0,2,0,1,0,0,0,0,0,1,0,1,0,0
1543,16,299,0,2,0,0,1,0,0,0,1,0,0,1,0,1
1544,17,851,0,3,0,0,1,0,0,0,1,0,1,0,0,2
1545,14,223,1,2,0,0,1,0,0,0,1,0,1,0,0,1
1546,32,872,0,3,0,0,1,0,0,1,0,0,1,0,0,2
1547,6,473,0,4,0,1,0,0,0,0,1,0,0,1,0,0
1548,17,795,1,4,0,1,0,0,0,0,1,0,0,1,0,2
1549,4,566,0,2,0,1,0,0,0,1,0,0,1,0,0,0
1550,11,708,0,4,1,0,0,0,0,0,1,0,1,0,0,2
1551,26,529,0,2,0,0,1,0,0,1,0,0,0,1,0,0
1552,9,686,0,3,0,1,0,0,1,0,0,0,1,0,0,2
1553,21,423,0,4,0,1,0,0,0,1,0,0,0,1,0,0
1554,4,791,0,3,1,0,0,0,1,0,0,0,1,0,0,2
1555,21,197,0,2,0,0,1,0,0,0,1,0,1,0,0,1
1556,8,199,0,3,0,1,0,0,1,0,0,0,1,0,0,1
1557,16,712,0,2,0,1,0,0,0,0,0,1,1,0,0,2
1558,23,760,1,2,0,0,1,0,0,0,1,0,0,1,0,2
1559,23,261,0,3,0,0,1,0,0,0,1,0,1,0,0,1
1560,23,826,0,4,0,1,0,0,0,0,0,1,0,1,0,2
1561,25,645,0,5,0,0,1,0,0,0,1,0,0,1,0,0
1562,26,768,2,1,0,0,1,0,0,0,0,1,0,1,0,2
1563,8,789,0,4,0,1,0,0,0,0,1,0,1,0,0,2
1564,18,322,1,1,0,0,0,1,1,0,0,0,0,1,0,1
1565,5,430,0,3,1,0,0,0,1,0,0,0,0,1,0,0
1566,20,867,0,3,0,1,0,0,0,1,0,0,1,0,0,2
1567,15,643,0,3,0,1,0,0,0,0,1,0,0,1,0,0
1568,8,284,0,4,0,1,0,0,1,0,0,0,1,0,0,1
1569,18,248,2,2,0,0,1,0,0,0,0,1,0,1,0,1
1570,8,559,0,2,0,1,0,0,1,0,0,0,1,0,0,0
1571,17,708,0,2,0,0,1,0,0,1,0,0,0,1,0,2
1572,4,343,0,5,0,1,0,0,0,0,1,0,1,0,0,1
1573,17,386,0,2,0,0,1,0,0,0,0,1,0,1,0,1
1574,15,395,0,1,0,0,1,0,0,0,0,1,1,0,0,1
1575,8,253,0,3,0,1,0,0,0,0,1,0,0,1,0,1
1576,27,310,0,1,0,0,1,0,1,0,0,0,1,0,0,1
1577,6,227,1,3,0,1,0,0,0,1,0,0,0,1,0,1
1578,12,865,0,4,0,1,0,0,0,0,0,1,0,1,0,2
1579,12,188,0,2,0,0,1,0,0,0,1,0,1,0,0,1
1580,17,631,0,3,0,1,0,0,0,1,0,0,1,0,0,0
1581,25,373,1,2,0,0,1,0,1,0,0,0,1,0,0,1
1582,10,756,0,3,0,1,0,0,0,0,1,0,0,1,0,2
1583,13,686,0,2,0,0,1,0,0,0,1,0,1,0,0,2
1584,5,853,1,3,1,0,0,0,1,0,0,0,0,0,1,2
1585,15,493,0,3,0,1,0,0,0,0,1,0,0,1,0,0
1586,7,271,0,2,0,1,0,0,0,0,1,0,0,1,0,1
1587,19,805,0,2,0,1,0,0,0,1,0,0,0,1,0,2
1588,12,320,0,4,1,0,0,0,0,0,1,0,0,1,0,1
1589,15,443,1,2,0,1,0,0,1,0,0,0,1,0,0,0
1590,21,825,0,3,0,0,1,0,0,1,0,0,1,0,0,2
1591,6,251,0,3,0,1,0,0,0,1,0,0,0,1,0,1
1592,20,553,0,3,0,1,0,0,0,0,1,0,0,1,0,0
1593,24,827,1,2,0,0,0,1,0,0,1,0,0,1,0,2
1594,20,579,1,1,0,0,1,0,0,0,1,0,0,1,0,0
1595,6,489,0,4,0,1,0,0,0,0,1,0,1,0,0,0
1596,7,305,0,4,1,0,0,0,0,0,1,0,1,0,0,1
1597,5,523,0,4,0,1,0,0,0,0,1,0,0,1,0,0
1598,25,715,0,3,0,0,1,0,0,1,0,0,1,0,0,2
1599,24,642,1,2,0,1,0,0,1,0,0,0,0,1,0,0
1600,19,298,0,3,0,0,1,0,0,1,0,0,0,1,0,1
1601,17,265,0,3,0,0,1,0,0,0,1,0,0,1,0,1
1602,21,874,0,1,0,0,1,0,1,0,0,0,1,0,0,2
1603,6,758,0,2,1,0,0,0,0,1,0,0,0,1,0,2
1604,19,502,1,1,0,0,1,0,1,0,0,0,1,0,0,0
1605,15,510,0,2,0,1,0,0,0,1,0,0,1,0,0,0
1606,6,368,0,4,0,1,0,0,0,1,0,0,1,0,0,1
1607,24,453,0,3,0,1,0,0,1,0,0,0,1,0,0,0
1608,4,431,0,3,1,0,0,0,1,0,0,0,1,0,0,0
1609,14,228,0,2,0,1,0,0,1,0,0,0,1,0,0,1
1610,11,339,0,3,0,0,1,0,0,0,1,0,1,0,0,1
1611,31,784,0,3,0,1,0,0,0,0,1,0,0,1,0,2
1612,8,499,1,3,0,1,0,0,0,0,1,0,0,1,0,0
1613,9,719,0,3,1,0,0,0,0,1,0,0,1,0,0,2
1614,19,828,0,2,0,0,1,0,1,0,0,0,0,1,0,2
1615,24,715,0,3,0,1,0,0,0,0,1,0,1,0,0,2
1616,13,708,0,4,0,1,0,0,0,0,1,0,1,0,0,2
1617,12,304,0,3,0,1,0,0,0,0,0,1,0,1,0,1
1618,21,845,0,2,0,1,0,0,0,1,0,0,0,1,0,2
1619,17,655,0,1,0,1,0,0,0,0,1,0,0,1,0,2
1620,10,313,0,3,1,0,0,0,1,0,0,0,1,0,0,1
1621,7,433,0,3,0,1,0,0,0,1,0,0,0,1,0,0
1622,26,488,0,3,0,0,1,0,0,0,0,1,0,1,0,0
1623,13,437,0,3,0,1,0,0,0,1,0,0,0,1,0,0
1624,9,283,0,4,0,1,0,0,0,0,1,0,0,1,0,1
1625,4,561,0,3,1,0,0,0,0,1,0,0,1,0,0,0
1626,16,450,0,4,0,1,0,0,0,0,0,1,0,1,0,0
1627,26,629,0,3,0,0,1,0,0,0,1,0,0,1,0,0
1628,19,563,0,2,0,1,0,0,0,0,1,0,1,0,0,0
1629,22,456,0,2,0,0,1,0,0,0,0,1,1,0,0,0
1630,7,196,0,4,0,1,0,0,0,1,0,0,1,0,0,1
1631,5,553,0,3,0,1,0,0,0,1,0,0,0,1,0,0
1632,5,284,0,4,0,1,0,0,0,1,0,0,0,1,0,1
1633,18,465,3,3,0,0,1,0,0,0,1,0,0,1,0,0
1634,25,796,0,4,0,1,0,0,0,1,0,0,1,0,0,2
1635,5,387,0,3,1,0,0,0,0,1,0,0,0,0,1,1
1636,21,244,0,3,0,0,1,0,0,1,0,0,0,1,0,1
1637,4,601,0,1,0,1,0,0,0,0,1,0,0,1,0,0
1638,16,385,0,3,0,0,1,0,0,1,0,0,0,1,0,1
1639,21,199,1,1,0,0,1,0,0,1,0,0,1,0,0,1
1640,20,593,0,1,0,1,0,0,0,0,1,0,1,0,0,0
1641,10,239,0,3,0,1,0,0,0,0,0,1,0,1,0,1
1642,9,309,0,3,1,0,0,0,1,0,0,0,1,0,0,1
1643,22,864,0,1,0,0,1,0,0,0,1,0,1,0,0,2
1644,9,846,0,3,0,1,0,0,0,0,1,0,1,0,0,2
1645,6,528,0,2,1,0,0,0,0,0,0,1,0,1,0,0
1646,6,299,0,2,0,1,0,0,0,1,0,0,0,1,0,1
1647,15,583,0,3,0,1,0,0,0,0,1,0,0,1,0,0
1648,22,333,0,3,0,0,1,0,0,0,1,0,0,1,0,1
1649,23,526,0,3,0,1,0,0,0,1,0,0,0,1,0,0
1650,17,192,2,1,0,0,1,0,0,1,0,0,1,0,0,1
1651,24,609,0,3,0,1,0,0,0,0,1,0,0,1,0,0
1652,13,596,0,4,0,1,0,0,0,1,0,0,1,0,0,0
1653,24,217,0,2,0,0,1,0,0,1,0,0,1,0,0,1
1654,9,356,0,3,0,1,0,0,0,0,1,0,1,0,0,1
1655,6,477,0,1,0,1,0,0,1,0,0,0,0,1,0,0
1656,6,561,0,2,0,1,0,0,1,0,0,0,0,1,0,0
1657,22,499,0,4,0,0,1,0,0,0,1,0,0,1,0,0
1658,9,368,0,4,0,1,0,0,0,0,1,0,0,1,0,1
1659,25,408,0,3,0,0,1,0,0,1,0,0,0,1,0,1
1660,34,678,1,3,0,0,1,0,0,0,1,0,0,1,0,2
1661,13,520,2,1,0,1,0,0,1,0,0,0,0,1,0,0
1662,18,483,0,2,0,0,0,1,0,0,0,1,1,0,0,0
1663,22,720,1,2,0,0,1,0,1,0,0,0,0,1,0,2
1664,21,577,1,2,0,0,1,0,0,0,1,0,0,1,0,0
1665,34,770,0,3,0,0,1,0,0,1,0,0,1,0,0,2
1666,7,764,0,2,1,0,0,0,1,0,0,0,0,1,0,2
1667,14,647,0,3,1,0,0,0,0,1,0,0,1,0,0,0
1668,5,553,0,2,1,0,0,0,0,1,0,0,0,0,1,0
1669,16,688,0,3,0,1,0,0,0,1,0,0,0,1,0,2
1670,6,343,0,3,0,1,0,0,0,1,0,0,1,0,0,1
1671,23,450,1,2,0,0,1,0,0,1,0,0,1,0,0,0
1672,11,349,0,4,0,1,0,0,0,1,0,0,1,0,0,1
1673,10,789,0,4,1,0,0,0,0,0,1,0,0,1,0,2
1674,4,211,0,3,1,0,0,0,1,0,0,0,0,1,0,1
1675,13,433,0,3,0,1,0,0,0,0,0,1,1,0,0,0
1676,5,282,0,4,0,1,0,0,0,1,0,0,1,0,0,1
1677,16,876,0,1,0,0,1,0,0,1,0,0,0,1,0,2
1678,25,527,2,3,0,1,0,0,0,1,0,0,1,0,0,0
1679,27,727,0,2,0,0,1,0,0,1,0,0,1,0,0,2
1680,22,531,0,1,0,0,1,0,1,0,0,0,1,0,0,0
1681,21,531,0,2,0,1,0,0,0,0,0,1,1,0,0,0
1682,19,544,0,1,0,0,1,0,1,0,0,0,0,1,0,0
1683,4,681,0,3,1,0,0,0,1,0,0,0,0,1,0,2
1684,4,857,0,2,1,0,0,0,0,1,0,0,0,1,0,2
1685,6,731,0,2,1,0,0,0,1,0,0,0,1,0,0,2
1686,21,588,0,2,0,0,1,0,0,0,0,1,1,0,0,0
1687,4,834,0,4,0,1,0,0,0,1,0,0,0,1,0,2
1688,11,673,1,2,0,0,0,1,1,0,0,0,0,1,0,2
1689,5,831,0,3,0,1,0,0,0,0,1,0,0,1,0,2
1690,25,302,0,3,0,0,1,0,0,0,0,1,0,1,0,1
1691,28,853,0,3,0,0,1,0,0,1,0,0,1,0,0,2
1692,9,277,0,4,0,1,0,0,0,0,1,0,0,1,0,1
1693,10,407,0,2,1,0,0,0,1,0,0,0,1,0,0,1
1694,25,286,0,3,0,1,0,0,0,1,0,0,0,1,0,1
1695,11,821,0,3,1,0,0,0,0,1,0,0,0,0,1,2
1696,11,465,0,3,0,1,0,0,1,0,0,0,0,1,0,0
1697,32,833,1,3,0,0,1,0,0,0,1,0,0,1,0,2
1698,13,868,0,3,0,1,0,0,0,0,1,0,1,0,0,2
1699,20,364,0,3,0,0,1,0,0,1,0,0,1,0,0,1
1700,12,306,0,3,0,1,0,0,0,1,0,0,0,1,0,1
1701,22,198,4,2,0,0,1,0,1,0,0,0,1,0,0,1
1702,23,491,3,3,0,0,1,0,0,0,1,0,0,1,0,0
1703,6,632,0,3,0,1,0,0,0,1,0,0,1,0,0,0
1704,26,782,1,2,0,0,1,0,0,0,1,0,1,0,0,2
1705,8,217,0,2,1,0,0,0,1,0,0,0,0,0,1,1
1706,18,779,0,3,0,1,0,0,1,0,0,0,1,0,0,2
1707,17,591,0,2,0,0,1,0,0,0,1,0,1,0,0,0
1708,7,238,0,4,1,0,0,0,0,1,0,0,1,0,0,1
1709,14,483,0,4,0,1,0,0,0,1,0,0,1,0,0,0
1710,25,767,1,3,0,1,0,0,0,1,0,0,0,1,0,2
1711,4,718,0,3,1,0,0,0,0,1,0,0,1,0,0,2
1712,25,610,3,2,0,0,0,1,1,0,0,0,0,1,0,0
1713,19,383,3,1,0,0,0,1,1,0,0,0,1,0,0,1
1714,24,274,1,1,0,0,1,0,0,0,1,0,0,1,0,1
1715,17,338,0,2,0,1,0,0,1,0,0,0,0,1,0,1
1716,9,258,0,2,1,0,0,0,0,1,0,0,0,1,0,1
1717,16,794,0,4,0,1,0,0,0,0,1,0,1,0,0,2
1718,5,724,0,2,1,0,0,0,0,0,1,0,0,0,1,2
1719,27,664,0,4,0,0,1,0,0,0,1,0,0,1,0,2
1720,28,683,0,3,0,0,1,0,0,0,0,1,1,0,0,2
1721,7,284,0,4,0,1,0,0,0,0,1,0,0,1,0,1
1722,5,734,0,2,1,0,0,0,0,0,1,0,1,0,0,2
1723,5,614,1,3,0,1,0,0,0,0,1,0,1,0,0,0
1724,21,295,1,2,0,0,1,0,0,0,1,0,1,0,0,1
1725,18,605,0,2,0,0,1,0,0,0,1,0,0,1,0,0
1726,26,682,0,2,0,0,1,0,0,0,1,0,1,0,0,2
1727,19,252,0,3,0,0,1,0,0,0,1,0,1,0,0,1
1728,23,401,1,2,0,0,1,0,0,0,1,0,1,0,0,1
1729,17,222,1,3,0,1,0,0,0,0,1,0,1,0,0,1
1730,5,386,0,3,0,1,0,0,0,1,0,0,0,1,0,1
1731,10,252,1,3,0,1,0,0,0,0,1,0,1,0,0,1
1732,19,623,0,3,0,1,0,0,1,0,0,0,1,0,0,0
1733,8,218,0,1,0,1,0,0,0,0,0,1,0,1,0,1
1734,25,715,0,2,0,0,1,0,0,0,0,1,1,0,0,2
1735,23,711,0,2,0,0,1,0,0,1,0,0,0,1,0,2
1736,23,797,0,2,0,0,1,0,0,0,0,1,1,0,0,2
1737,4,772,0,2,1,0,0,0,0,0,0,1,0,0,1,2
1738,24,460,0,2,0,0,1,0,0,0,0,1,0,1,0,0
1739,23,582,0,2,0,0,1,0,0,1,0,0,1,0,0,0
1740,15,669,3,2,0,0,1,0,0,0,0,1,0,1,0,2
1741,19,807,1,3,0,0,1,0,0,0,1,0,0,1,0,2
1742,16,841,0,3,0,1,0,0,0,1,0,0,1,0,0,2
1743,5,308,0,2,0,1,0,0,0,1,0,0,0,1,0,1
1744,19,688,1,2,0,1,0,0,0,0,0,1,0,1,0,2
1745,8,737,0,3,0,1,0,0,0,1,0,0,1,0,0,2
1746,10,655,0,3,1,0,0,0,0,1,0,0,0,0,1,2
1747,9,421,0,4,0,1,0,0,0,1,0,0,1,0,0,0
1748,10,515,0,2,0,1,0,0,0,1,0,0,0,1,0,0
1749,7,236,0,4,0,1,0,0,0,0,1,0,0,1,0,1
1750,21,585,0,3,0,0,1,0,0,1,0,0,1,0,0,0
1751,20,478,0,3,0,0,1,0,0,0,1,0,0,1,0,0
1752,7,662,0,2,1,0,0,0,0,1,0,0,0,1,0,2
1753,16,435,0,3,0,0,1,0,0,1,0,0,1,0,0,0
1754,26,499,0,3,0,0,1,0,0,1,0,0,1,0,0,0
1755,8,481,0,3,1,0,0,0,1,0,0,0,0,1,0,0
1756,26,646,0,3,0,0,1,0,0,0,1,0,1,0,0,0
1757,5,199,0,2,0,1,0,0,0,1,0,0,0,1,0,1
1758,17,603,0,2,0,0,1,0,1,0,0,0,1,0,0,0
1759,6,200,0,2,1,0,0,0,0,0,1,0,0,0,1,1
1760,10,438,1,3,0,1,0,0,0,1,0,0,0,1,0,0
1761,9,835,0,2,1,0,0,0,0,1,0,0,0,1,0,2
1762,10,623,0,2,0,1,0,0,0,0,0,1,0,1,0,0
1763,21,818,0,1,0,0,1,0,1,0,0,0,1,0,0,2
1764,17,572,0,2,0,0,1,0,0,0,0,1,0,1,0,0
1765,5,289,0,3,0,1,0,0,0,0,1,0,1,0,0,1
1766,16,794,0,4,0,1,0,0,0,0,1,0,1,0,0,2
1767,12,855,0,2,0,1,0,0,1,0,0,0,1,0,0,2
1768,13,810,0,2,1,0,0,0,0,1,0,0,0,1,0,2
1769,7,513,0,3,0,1,0,0,0,1,0,0,0,1,0,0
1770,19,518,0,2,0,0,1,0,1,0,0,0,0,1,0,0
1771,7,745,0,2,1,0,0,0,0,1,0,0,0,0,1,2
1772,10,318,0,3,0,1,0,0,0,1,0,0,0,1,0,1
1773,24,809,0,2,0,0,1,0,0,1,0,0,1,0,0,2
1774,25,399,0,3,0,0,1,0,0,0,1,0,1,0,0,1
1775,17,730,0,4,0,1,0,0,0,1,0,0,1,0,0,2
1776,14,789,0,3,0,1,0,0,0,0,1,0,1,0,0,2
1777,20,832,0,3,0,1,0,0,0,1,0,0,1,0,0,2
1778,7,388,0,3,0,1,0,0,1,0,0,0,1,0,0,1
1779,29,856,0,4,0,0,1,0,0,1,0,0,0,1,0,2
1780,24,425,0,3,0,0,1,0,0,1,0,0,1,0,0,0
1781,9,514,0,4,0,1,0,0,0,0,0,1,1,0,0,0
1782,7,264,0,3,0,1,0,0,0,0,1,0,0,1,0,1
1783,26,504,1,2,0,0,1,0,0,0,1,0,0,1,0,0
1784,7,328,0,2,0,1,0,0,0,1,0,0,1,0,0,1
1785,14,537,1,4,0,1,0,0,0,0,0,1,1,0,0,0
1786,5,566,0,4,1,0,0,0,0,0,1,0,0,1,0,0
1787,14,455,0,2,0,0,1,0,0,0,1,0,1,0,0,0
1788,8,260,0,2,0,1,0,0,0,1,0,0,0,1,0,1
1789,15,209,1,4,0,0,1,0,0,0,1,0,1,0,0,1
1790,21,244,0,3,0,0,1,0,0,1,0,0,0,1,0,1
1791,26,188,0,3,0,0,1,0,0,1,0,0,1,0,0,1
1792,29,809,1,3,0,0,1,0,0,1,0,0,1,0,0,2
1793,10,613,0,4,0,0,1,0,0,0,0,1,0,1,0,0
1794,23,652,0,3,0,1,0,0,0,0,1,0,1,0,0,2
1795,6,356,1,4,0,1,0,0,0,0,0,1,1,0,0,1
1796,27,572,0,3,0,1,0,0,0,0,1,0,1,0,0,0
1797,25,390,0,3,1,0,0,0,0,0,1,0,0,1,0,1
1798,10,576,0,3,1,0,0,0,0,0,1,0,1,0,0,0
1799,17,248,0,2,0,0,0,1,0,0,1,0,1,0,0,1
1800,17,787,1,1,0,0,1,0,0,1,0,0,0,1,0,2
1801,6,819,0,4,0,1,0,0,0,0,1,0,1,0,0,2
1802,21,776,0,2,0,1,0,0,0,0,1,0,0,1,0,2
1803,14,187,1,2,0,0,1,0,0,1,0,0,0,1,0,1
1804,12,711,1,2,0,0,1,0,1,0,0,0,1,0,0,2
1805,20,686,0,2,0,0,1,0,0,0,1,0,1,0,0,2
1806,5,529,0,3,1,0,0,0,1,0,0,0,0,1,0,0
1807,22,460,1,3,0,0,1,0,1,0,0,0,0,1,0,0
1808,22,531,0,1,0,0,1,0,0,0,0,1,1,0,0,0
1809,19,488,0,4,0,1,0,0,0,0,1,0,1,0,0,0
1810,4,200,0,4,0,1,0,0,0,0,1,0,0,1,0,1
1811,16,269,1,3,0,0,1,0,0,0,1,0,1,0,0,1
1812,7,447,0,3,0,1,0,0,0,1,0,0,0,1,0,0
1813,10,454,0,3,0,1,0,0,0,1,0,0,0,1,0,0
1814,23,510,0,3,0,0,1,0,0,1,0,0,1,0,0,0
1815,25,849,0,2,0,1,0,0,0,1,0,0,0,1,0,2
1816,5,473,0,3,1,0,0,0,0,1,0,0,1,0,0,0
1817,15,494,0,2,0,1,0,0,0,0,1,0,0,1,0,0
1818,16,685,0,2,0,0,1,0,1,0,0,0,1,0,0,2
1819,24,588,0,2,0,0,1,0,0,0,1,0,0,1,0,0
1820,10,589,0,3,1,0,0,0,0,1,0,0,0,1,0,0
1821,9,450,0,2,1,0,0,0,1,0,0,0,1,0,0,0
1822,12,657,0,3,0,1,0,0,0,0,1,0,1,0,0,2
1823,31,683,0,3,0,1,0,0,0,0,1,0,0,1,0,2
1824,12,287,0,3,0,1,0,0,0,1,0,0,1,0,0,1
1825,12,477,0,4,0,1,0,0,0,1,0,0,1,0,0,0
1826,9,752,0,4,0,1,0,0,0,1,0,0,1,0,0,2
1827,25,479,0,2,0,0,1,0,0,1,0,0,0,1,0,0
1828,14,650,1,3,0,1,0,0,0,0,1,0,1,0,0,2
1829,16,881,0,3,0,0,1,0,0,0,1,0,0,1,0,2
1830,33,831,0,2,0,1,0,0,0,0,1,0,0,1,0,2
1831,11,689,0,3,0,1,0,0,1,0,0,0,0,1,0,2
1832,18,577,3,1,0,0,1,0,0,0,0,1,0,1,0,0
1833,7,253,0,2,1,0,0,0,0,1,0,0,0,1,0,1
1834,15,488,0,2,0,0,1,0,0,0,1,0,0,1,0,0
1835,19,390,0,4,0,0,1,0,0,0,1,0,0,1,0,1
1836,23,841,3,2,0,0,0,1,0,1,0,0,0,1,0,2
1837,15,192,0,4,1,0,0,0,0,0,1,0,0,1,0,1
1838,6,542,0,2,0,1,0,0,1,0,0,0,1,0,0,0
1839,18,355,0,3,0,1,0,0,0,0,1,0,0,1,0,1
1840,6,333,0,2,1,0,0,0,1,0,0,0,1,0,0,1
1841,28,835,2,1,0,0,1,0,1,0,0,0,0,1,0,2
1842,4,592,0,3,1,0,0,0,0,1,0,0,1,0,0,0
1843,21,794,0,2,0,0,1,0,0,1,0,0,0,1,0,2
1844,14,720,0,2,0,0,1,0,0,0,1,0,1,0,0,2
1845,20,478,0,1,0,0,1,0,1,0,0,0,0,1,0,0
1846,32,507,2,2,0,0,1,0,0,1,0,0,0,1,0,0
1847,7,775,0,4,0,0,1,0,0,0,0,1,0,1,0,2
1848,7,546,0,2,1,0,0,0,0,1,0,0,0,1,0,0
1849,23,705,0,2,0,0,1,0,0,1,0,0,0,1,0,2
1850,18,835,0,3,0,1,0,0,1,0,0,0,1,0,0,2
1851,14,785,0,3,0,0,1,0,0,0,1,0,0,1,0,2
1852,4,382,0,1,1,0,0,0,0,1,0,0,0,1,0,1
1853,15,512,0,2,0,0,1,0,0,1,0,0,1,0,0,0
1854,14,444,0,3,0,0,1,0,0,1,0,0,1,0,0,0
1855,20,783,1,2,0,0,1,0,1,0,0,0,1,0,0,2
1856,29,816,1,3,0,0,1,0,0,1,0,0,1,0,0,2
1857,9,482,0,4,0,1,0,0,0,1,0,0,0,1,0,0
1858,5,235,0,2,0,1,0,0,1,0,0,0,1,0,0,1
1859,17,822,0,3,0,1,0,0,0,1,0,0,0,1,0,2
1860,22,297,3,2,0,0,1,0,0,1,0,0,0,1,0,1
1861,7,306,0,2,1,0,0,0,0,0,1,0,0,1,0,1
1862,26,568,0,2,0,0,1,0,0,0,1,0,1,0,0,0
1863,7,260,0,3,0,1,0,0,0,1,0,0,1,0,0,1
1864,25,729,0,2,0,0,1,0,0,0,0,1,0,1,0,2
1865,5,257,0,2,0,1,0,0,0,0,0,1,1,0,0,1
1866,5,328,0,1,1,0,0,0,1,0,0,0,0,1,0,1
1867,21,868,0,1,0,1,0,0,0,0,1,0,0,1,0,2
1868,20,345,1,2,0,0,1,0,0,0,1,0,1,0,0,1
1869,26,681,0,3,0,0,1,0,0,0,0,1,0,1,0,2
1870,26,535,0,2,0,0,1,0,0,1,0,0,1,0,0,0
1871,18,808,0,2,0,0,1,0,1,0,0,0,0,1,0,2
1872,6,246,1,3,0,1,0,0,0,1,0,0,0,1,0,1
1873,10,258,0,2,0,1,0,0,0,1,0,0,0,1,0,1
1874,23,592,1,2,0,0,1,0,0,1,0,0,0,1,0,0
1875,6,227,0,1,0,1,0,0,1,0,0,0,0,1,0,1
1876,17,789,0,2,0,1,0,0,1,0,0,0,1,0,0,2
1877,5,347,0,4,0,1,0,0,0,0,1,0,0,1,0,1
1878,16,420,1,1,0,0,0,1,0,1,0,0,0,1,0,0
1879,25,479,0,4,0,0,1,0,0,1,0,0,1,0,0,0
1880,15,674,1,3,0,1,0,0,1,0,0,0,1,0,0,2
1881,20,853,0,2,0,0,1,0,1,0,0,0,0,1,0,2
1882,20,244,3,2,0,0,0,1,1,0,0,0,0,1,0,1
1883,7,704,0,3,0,1,0,0,1,0,0,0,1,0,0,2
1884,28,212,2,2,0,0,1,0,0,1,0,0,1,0,0,1
1885,11,220,0,1,0,0,1,0,0,1,0,0,1,0,0,1
1886,12,438,0,2,0,1,0,0,0,0,0,1,1,0,0,0
1887,5,844,1,3,1,0,0,0,0,1,0,0,0,0,1,2
1888,15,276,1,1,0,0,0,1,0,0,1,0,0,1,0,1
1889,27,218,0,1,0,0,0,1,0,0,0,1,0,1,0,1
1890,18,567,0,3,0,0,1,0,0,0,0,1,0,1,0,0
1891,7,677,0,4,0,1,0,0,0,0,1,0,0,1,0,2
1892,5,263,0,1,1,0,0,0,1,0,0,0,1,0,0,1
1893,15,289,0,2,0,0,1,0,1,0,0,0,0,1,0,1
1894,9,434,0,2,0,1,0,0,0,1,0,0,1,0,0,0
1895,14,341,1,3,0,1,0,0,0,1,0,0,1,0,0,1
1896,14,600,0,2,0,0,1,0,0,0,1,0,1,0,0,0
1897,28,482,0,3,0,0,1,0,0,1,0,0,0,1,0,0
1898,7,330,0,3,0,1,0,0,1,0,0,0,1,0,0,1
1899,5,653,0,2,0,1,0,0,0,0,1,0,1,0,0,2
1900,5,462,1,3,0,1,0,0,0,1,0,0,0,1,0,0
1901,21,256,0,2,0,0,0,1,0,0,1,0,0,1,0,1
1902,22,782,1,2,0,0,1,0,0,1,0,0,1,0,0,2
1903,24,809,0,2,0,0,1,0,0,1,0,0,0,1,0,2
1904,18,862,2,3,0,0,1,0,0,0,1,0,1,0,0,2
1905,31,706,0,2,0,1,0,0,0,0,1,0,0,1,0,2
1906,23,860,2,2,0,1,0,0,0,1,0,0,1,0,0,2
1907,6,684,0,2,1,0,0,0,1,0,0,0,1,0,0,2
1908,8,580,0,2,0,1,0,0,0,1,0,0,0,1,0,0
1909,8,680,0,1,1,0,0,0,0,1,0,0,1,0,0,2
1910,4,736,0,4,0,1,0,0,0,0,1,0,0,1,0,2
1911,6,193,0,2,0,1,0,0,0,1,0,0,0,1,0,1
1912,22,347,0,3,0,0,1,0,0,1,0,0,0,1,0,1
1913,22,803,4,1,0,0,0,1,0,0,1,0,1,0,0,2
1914,26,457,1,1,0,0,1,0,0,0,0,1,0,1,0,0
1915,30,723,0,3,0,0,1,0,0,0,1,0,1,0,0,2
1916,5,483,0,3,1,0,0,0,0,1,0,0,0,1,0,0
1917,20,769,2,3,0,1,0,0,0,1,0,0,0,1,0,2
1918,14,557,0,2,0,0,1,0,0,1,0,0,1,0,0,0
1919,19,779,0,1,0,0,1,0,0,0,1,0,1,0,0,2
1920,24,563,0,4,0,0,1,0,0,0,1,0,0,1,0,0
1921,7,407,0,4,0,0,1,0,0,1,0,0,0,1,0,1
1922,15,460,0,3,0,0,1,0,0,0,0,1,0,1,0,0
1923,9,359,0,3,1,0,0,0,1,0,0,0,0,1,0,1
1924,8,275,0,4,1,0,0,0,0,1,0,0,0,1,0,1
1925,23,633,0,3,0,0,1,0,0,0,0,1,1,0,0,0
1926,6,847,0,4,0,1,0,0,0,1,0,0,0,1,0,2
1927,20,662,0,2,0,1,0,0,0,0,1,0,0,1,0,2
1928,24,773,0,2,0,1,0,0,0,0,0,1,0,1,0,2
1929,4,284,0,3,0,1,0,0,0,0,1,0,0,1,0,1
1930,6,488,0,3,1,0,0,0,0,1,0,0,1,0,0,0
1931,22,329,3,2,0,0,1,0,1,0,0,0,0,1,0,1
1932,5,717,0,3,1,0,0,0,0,0,0,1,1,0,0,2
1933,5,877,0,2,1,0,0,0,0,1,0,0,1,0,0,2
1934,23,251,0,2,0,0,1,0,1,0,0,0,1,0,0,1
1935,9,839,0,3,0,1,0,0,0,1,0,0,0,1,0,2
1936,19,694,0,1,0,0,1,0,0,0,0,1,1,0,0,2
1937,20,790,0,2,0,0,1,0,1,0,0,0,1,0,0,2
1938,22,195,0,3,0,0,1,0,0,1,0,0,0,1,0,1
1939,9,641,0,3,0,1,0,0,0,1,0,0,1,0,0,0
1940,9,688,0,3,0,1,0,0,0,0,1,0,1,0,0,2
1941,9,542,0,1,0,1,0,0,0,0,0,1,0,1,0,0
1942,18,470,0,3,0,1,0,0,0,1,0,0,1,0,0,0
1943,19,234,0,1,0,0,1,0,0,0,0,1,1,0,0,1
1944,23,871,0,2,0,0,1,0,0,1,0,0,0,1,0,2
1945,16,404,0,1,0,0,1,0,0,0,1,0,0,1,0,1
1946,17,243,0,1,0,0,1,0,0,0,0,1,0,1,0,1
1947,5,349,0,3,1,0,0,0,0,1,0,0,1,0,0,1
1948,18,801,1,2,0,1,0,0,0,0,1,0,1,0,0,2
1949,28,618,1,1,0,0,0,1,1,0,0,0,1,0,0,0
1950,10,239,0,3,0,1,0,0,0,0,0,1,0,1,0,1
1951,26,547,0,3,0,0,1,0,0,0,1,0,0,1,0,0
1952,15,541,3,1,0,0,1,0,0,0,1,0,0,1,0,0
1953,9,198,0,4,0,1,0,0,0,1,0,0,1,0,0,1
1954,10,605,0,3,0,1,0,0,0,0,0,1,1,0,0,0
1955,8,361,0,2,0,1,0,0,0,0,1,0,1,0,0,1
1956,26,495,0,2,0,0,1,0,0,0,0,1,1,0,0,0
1957,22,436,0,3,0,0,1,0,0,1,0,0,1,0,0,0
1958,28,307,0,3,0,0,1,0,0,0,1,0,1,0,0,1
1959,21,673,1,1,0,0,1,0,0,0,0,1,1,0,0,2
1960,21,343,2,2,0,0,0,1,0,1,0,0,0,1,0,1
1961,16,686,1,2,0,1,0,0,0,0,1,0,1,0,0,2
1962,5,282,1,2,0,1,0,0,1,0,0,0,1,0,0,1
1963,17,730,0,4,0,1,0,0,0,1,0,0,1,0,0,2
1964,16,634,0,3,0,1,0,0,0,1,0,0,1,0,0,0
1965,12,420,0,4,0,1,0,0,0,1,0,0,0,1,0,0
1966,25,453,0,3,1,0,0,0,0,1,0,0,1,0,0,0
1967,18,882,0,2,0,1,0,0,0,0,1,0,0,1,0,2
1968,11,468,0,3,0,1,0,0,0,1,0,0,0,1,0,0
1969,6,266,0,3,0,1,0,0,0,1,0,0,1,0,0,1
1970,4,757,1,2,0,1,0,0,1,0,0,0,0,1,0,2
1971,11,673,0,3,1,0,0,0,1,0,0,0,1,0,0,2
1972,9,835,0,2,1,0,0,0,0,1,0,0,0,1,0,2
1973,21,323,2,2,0,0,0,1,0,0,0,1,1,0,0,1
1974,8,570,0,3,0,0,1,0,0,0,1,0,0,1,0,0
1975,22,688,0,3,0,1,0,0,0,1,0,0,1,0,0,2
1976,4,738,0,3,1,0,0,0,0,0,1,0,1,0,0,2
1977,16,694,0,4,0,1,0,0,0,1,0,0,1,0,0,2
1978,12,558,0,2,0,1,0,0,1,0,0,0,1,0,0,0
1979,10,437,0,3,1,0,0,0,1,0,0,0,1,0,0,0
1980,16,263,0,3,0,0,1,0,0,0,1,0,1,0,0,1
1981,19,381,1,1,0,0,1,0,0,0,1,0,0,1,0,1
1982,10,644,0,3,0,1,0,0,0,1,0,0,0,1,0,0
1983,27,441,1,1,0,0,0,1,0,0,0,1,0,1,0,0
1984,16,273,2,2,0,0,0,1,0,0,1,0,1,0,0,1
1985,6,624,0,4,1,0,0,0,0,0,1,0,1,0,0,0
1986,21,223,3,2,0,0,0,1,0,1,0,0,0,1,0,1
1987,16,855,1,2,0,0,1,0,0,1,0,0,1,0,0,2
1988,18,737,0,3,0,1,0,0,0,1,0,0,0,1,0,2
1989,18,715,1,3,0,1,0,0,0,1,0,0,0,1,0,2
1990,12,364,0,2,0,0,1,0,0,1,0,0,0,1,0,1
1991,5,664,0,2,1,0,0,0,0,1,0,0,1,0,0,2
1992,4,373,0,2,1,0,0,0,0,0,1,0,0,1,0,1
1993,10,847,0,3,1,0,0,0,0,1,0,0,1,0,0,2
1994,4,203,0,1,0,1,0,0,0,0,1,0,1,0,0,1
1995,9,470,0,3,0,1,0,0,0,1,0,0,0,1,0,0
1996,7,420,0,3,0,1,0,0,0,1,0,0,1,0,0,0
1997,23,766,0,3,0,0,1,0,0,1,0,0,1,0,0,2
1998,17,687,1,2,0,1,0,0,0,0,1,0,1,0,0,2
1999,12,471,0,2,0,0,1,0,0,0,1,0,0,1,0,0
2000,23,305,0,3,0,0,1,0,0,0,1,0,0,1,0,1
2001,17,591,0,1,0,0,1,0,0,0,1,0,1,0,0,0
2002,11,686,0,2,0,1,0,0,1,0,0,0,1,0,0,2
2003,24,513,3,2,0,0,0,1,0,1,0,0,1,0,0,0
2004,27,704,0,2,0,1,0,0,0,1,0,0,0,0,1,2
2005,25,877,0,1,0,0,1,0,0,0,1,0,1,0,0,2
2006,4,643,0,4,0,1,0,0,0,1,0,0,0,1,0,0
2007,6,671,0,2,0,1,0,0,1,0,0,0,1,0,0,2
2008,8,626,0,4,1,0,0,0,0,0,1,0,1,0,0,0
2009,6,277,0,3,1,0,0,0,0,0,0,1,1,0,0,1
2010,4,828,0,5,0,1,0,0,0,1,0,0,1,0,0,2
2011,9,323,0,3,1,0,0,0,0,1,0,0,1,0,0,1
2012,6,636,0,3,0,1,0,0,1,0,0,0,0,1,0,0
2013,17,345,0,4,0,1,0,0,0,0,1,0,1,0,0,1
2014,19,330,0,3,0,0,1,0,0,0,0,1,0,1,0,1
2015,28,684,0,3,0,0,1,0,0,0,1,0,0,1,0,2
2016,8,312,0,3,0,1,0,0,0,1,0,0,0,1,0,1
2017,4,660,0,4,1,0,0,0,0,0,1,0,1,0,0,2
2018,5,441,0,1,1,0,0,0,0,0,0,1,1,0,0,0
2019,26,846,1,3,0,1,0,0,0,0,0,1,0,1,0,2
2020,10,883,0,3,1,0,0,0,1,0,0,0,0,1,0,2
2021,25,662,1,2,0,0,1,0,0,0,0,1,0,1,0,2
2022,23,401,0,3,0,0,1,0,0,0,1,0,1,0,0,1
2023,9,415,0,3,1,0,0,0,0,1,0,0,1,0,0,0
2024,29,612,0,3,0,1,0,0,0,1,0,0,1,0,0,0
2025,12,460,1,3,0,1,0,0,1,0,0,0,1,0,0,0
2026,15,392,0,3,0,0,1,0,0,0,0,1,1,0,0,1
2027,29,819,0,4,0,0,1,0,0,1,0,0,1,0,0,2
2028,22,579,0,2,0,0,1,0,0,0,0,1,1,0,0,0
2029,6,644,0,3,0,1,0,0,1,0,0,0,1,0,0,0
2030,24,692,1,2,0,0,1,0,1,0,0,0,1,0,0,2
2031,18,609,0,1,0,1,0,0,1,0,0,0,1,0,0,0
2032,29,828,0,4,0,0,1,0,0,1,0,0,1,0,0,2
2033,7,398,0,3,1,0,0,0,0,1,0,0,1,0,0,1
2034,6,396,0,3,0,1,0,0,0,1,0,0,0,1,0,1
2035,21,842,0,3,0,1,0,0,0,1,0,0,1,0,0,2
2036,12,397,0,2,0,1,0,0,0,1,0,0,1,0,0,1
2037,9,206,0,3,0,1,0,0,0,0,1,0,1,0,0,1
2038,28,477,2,2,0,0,1,0,0,1,0,0,1,0,0,0
2039,14,867,0,2,0,0,1,0,0,1,0,0,1,0,0,2
2040,22,370,0,2,0,0,1,0,0,0,0,1,0,1,0,1
2041,5,663,0,4,0,1,0,0,0,0,0,1,1,0,0,2
2042,21,466,1,3,0,1,0,0,0,1,0,0,1,0,0,0
2043,15,193,0,2,0,0,1,0,0,0,1,0,1,0,0,1
2044,8,213,0,3,0,1,0,0,0,0,1,0,0,1,0,1
2045,5,189,0,4,0,1,0,0,0,0,0,1,1,0,0,1
2046,7,653,0,1,1,0,0,0,0,0,1,0,1,0,0,2
2047,27,817,0,2,0,0,1,0,0,1,0,0,1,0,0,2
2048,26,529,0,2,0,0,1,0,0,1,0,0,0,1,0,0
2049,25,726,0,3,0,0,1,0,0,0,0,1,1,0,0,2
2050,25,593,0,4,0,1,0,0,0,1,0,0,0,1,0,0
2051,10,370,0,3,0,1,0,0,0,1,0,0,1,0,0,1
2052,8,580,0,2,0,1,0,0,0,1,0,0,0,1,0,0
2053,17,433,0,2,0,0,1,0,1,0,0,0,0,1,0,0
2054,7,719,0,4,0,1,0,0,0,1,0,0,1,0,0,2
2055,32,872,0,3,0,0,1,0,0,1,0,0,1,0,0,2
2056,15,725,0,2,0,0,1,0,0,0,0,1,1,0,0,2
2057,7,482,0,2,0,1,0,0,0,0,0,1,1,0,0,0
2058,17,794,0,3,0,0,1,0,0,0,0,1,0,1,0,2
2059,9,271,0,3,0,1,0,0,1,0,0,0,1,0,0,1
2060,5,439,0,3,0,1,0,0,0,1,0,0,1,0,0,0
2061,19,514,0,3,0,1,0,0,0,0,0,1,1,0,0,0
2062,20,372,0,3,0,0,1,0,0,0,1,0,1,0,0,1
2063,5,473,0,3,1,0,0,0,0,1,0,0,1,0,0,0
2064,20,721,0,1,0,1,0,0,1,0,0,0,0,1,0,2
2065,21,543,0,2,0,0,1,0,1,0,0,0,1,0,0,0
2066,19,328,0,2,0,0,1,0,0,1,0,0,1,0,0,1
2067,5,545,0,3,1,0,0,0,0,1,0,0,0,1,0,0
2068,7,280,0,1,1,0,0,0,0,0,1,0,0,0,1,1
2069,10,669,0,4,0,1,0,0,0,1,0,0,1,0,0,2
2070,11,557,0,3,0,1,0,0,0,0,1,0,0,1,0,0
2071,9,858,0,3,1,0,0,0,0,1,0,0,1,0,0,2
2072,15,440,0,2,0,1,0,0,0,0,1,0,1,0,0,0
2073,17,785,0,3,0,1,0,0,0,0,1,0,1,0,0,2
2074,30,718,0,2,0,0,1,0,1,0,0,0,1,0,0,2
2075,22,428,1,1,0,1,0,0,0,0,0,1,0,1,0,0
2076,27,684,0,3,0,1,0,0,0,1,0,0,1,0,0,2
2077,18,747,0,2,0,0,0,1,1,0,0,0,0,1,0,2
2078,23,276,1,3,0,0,1,0,0,0,1,0,1,0,0,1
2079,8,454,0,2,0,1,0,0,0,1,0,0,1,0,0,0
2080,4,421,0,3,0,1,0,0,0,1,0,0,0,1,0,0
2081,21,488,0,3,0,1,0,0,0,1,0,0,0,1,0,0
2082,4,437,0,2,1,0,0,0,0,1,0,0,0,0,1,0
2083,13,244,0,3,0,0,1,0,0,1,0,0,1,0,0,1
2084,22,743,2,1,0,0,1,0,1,0,0,0,1,0,0,2
2085,26,846,1,3,0,1,0,0,0,0,0,1,0,1,0,2
2086,5,590,0,4,0,1,0,0,0,0,0,1,0,1,0,0
2087,19,458,0,2,0,0,1,0,0,1,0,0,1,0,0,0
2088,15,583,0,3,0,1,0,0,0,0,1,0,1,0,0,0
2089,20,824,2,3,0,0,1,0,0,1,0,0,0,1,0,2
2090,10,763,2,3,0,0,1,0,0,1,0,0,1,0,0,2
2091,5,287,0,4,0,1,0,0,0,1,0,0,0,1,0,1
2092,27,224,0,3,0,0,1,0,0,0,0,1,0,1,0,1
2093,6,836,0,3,1,0,0,0,1,0,0,0,0,1,0,2
2094,20,316,2,3,0,0,1,0,0,1,0,0,0,1,0,1
2095,7,672,0,2,1,0,0,0,0,1,0,0,0,0,1,2
2096,7,794,0,3,1,0,0,0,1,0,0,0,0,0,1,2
2097,8,570,0,3,0,0,1,0,0,0,1,0,0,1,0,0
2098,19,747,1,2,0,0,1,0,0,1,0,0,1,0,0,2
2099,13,572,0,3,0,1,0,0,0,0,0,1,0,1,0,0
2100,21,836,1,1,0,0,1,0,0,0,1,0,1,0,0,2
2101,23,578,0,3,0,0,1,0,0,0,1,0,1,0,0,0
2102,24,741,1,2,0,1,0,0,0,1,0,0,0,1,0,2
2103,6,230,0,4,0,1,0,0,0,0,0,1,1,0,0,1
2104,7,426,0,3,0,1,0,0,0,1,0,0,0,1,0,0
2105,19,526,0,3,0,1,0,0,0,0,1,0,0,1,0,0
2106,26,393,0,3,0,0,1,0,0,1,0,0,0,1,0,1
2107,7,493,0,3,1,0,0,0,0,1,0,0,0,1,0,0
2108,27,345,0,3,0,0,1,0,0,0,0,1,0,1,0,1
2109,22,631,0,1,0,0,1,0,0,0,1,0,0,1,0,0
2110,4,805,0,2,1,0,0,0,0,1,0,0,1,0,0,2
2111,9,841,0,3,0,1,0,0,0,1,0,0,0,1,0,2
2112,4,509,0,4,1,0,0,0,0,1,0,0,0,1,0,0
2113,10,854,0,3,0,1,0,0,0,1,0,0,1,0,0,2
2114,23,881,0,3,0,1,0,0,0,0,1,0,0,1,0,2
2115,7,195,1,4,0,1,0,0,0,0,1,0,1,0,0,1
2116,24,454,3,2,0,0,1,0,0,1,0,0,1,0,0,0
2117,18,517,0,3,0,0,1,0,0,0,1,0,1,0,0,0
2118,18,642,1,2,0,0,1,0,1,0,0,0,0,1,0,0
2119,23,850,0,2,0,0,1,0,0,0,1,0,0,1,0,2
2120,4,424,0,5,0,1,0,0,0,1,0,0,1,0,0,0
2121,5,619,0,2,0,1,0,0,0,1,0,0,1,0,0,0
2122,20,661,1,1,0,0,1,0,0,1,0,0,0,1,0,2
2123,8,870,0,3,1,0,0,0,0,1,0,0,0,0,1,2
2124,17,356,0,1,0,0,1,0,0,0,1,0,0,1,0,1
2125,15,270,0,3,0,0,1,0,0,0,1,0,1,0,0,1
2126,15,456,1,3,0,1,0,0,0,1,0,0,1,0,0,0
2127,5,235,0,2,1,0,0,0,0,1,0,0,1,0,0,1
2128,10,306,0,2,0,0,1,0,0,0,1,0,0,1,0,1
2129,11,878,0,3,1,0,0,0,0,0,1,0,0,1,0,2
2130,5,336,0,2,1,0,0,0,0,1,0,0,1,0,0,1
2131,7,343,0,4,0,1,0,0,0,1,0,0,1,0,0,1
2132,12,699,0,3,0,1,0,0,0,1,0,0,1,0,0,2
2133,7,307,0,2,1,0,0,0,0,0,1,0,1,0,0,1
2134,28,349,2,2,0,0,1,0,0,1,0,0,1,0,0,1
2135,19,404,1,1,0,0,1,0,0,0,1,0,1,0,0,1
2136,5,282,0,3,0,1,0,0,0,1,0,0,0,1,0,1
2137,11,283,0,5,0,1,0,0,0,0,1,0,0,1,0,1
2138,16,544,0,4,0,0,1,0,0,1,0,0,0,1,0,0
2139,8,446,0,3,0,1,0,0,0,0,1,0,0,1,0,0
2140,7,382,0,4,0,1,0,0,0,0,1,0,0,1,0,1
2141,16,836,1,2,0,0,1,0,0,1,0,0,1,0,0,2
2142,11,338,0,3,1,0,0,0,0,1,0,0,1,0,0,1
2143,15,456,1,3,0,1,0,0,0,1,0,0,1,0,0,0
2144,5,553,0,3,0,1,0,0,0,1,0,0,0,1,0,0
2145,8,234,0,3,0,1,0,0,1,0,0,0,0,1,0,1
2146,13,247,0,3,0,1,0,0,0,0,1,0,0,1,0,1
2147,5,344,0,3,0,1,0,0,0,1,0,0,0,1,0,1
2148,22,295,1,3,0,0,1,0,0,0,1,0,0,1,0,1
2149,12,341,0,2,0,0,1,0,0,0,1,0,1,0,0,1
2150,26,812,0,3,0,0,1,0,0,0,1,0,0,1,0,2
2151,13,303,0,3,0,0,1,0,0,1,0,0,1,0,0,1
2152,20,518,0,3,0,1,0,0,0,0,1,0,1,0,0,0
2153,23,577,1,1,0,0,1,0,0,0,0,1,0,1,0,0
2154,6,430,0,2,1,0,0,0,1,0,0,0,0,0,1,0
2155,8,556,0,2,0,1,0,0,0,1,0,0,0,1,0,0
2156,20,686,0,2,0,0,1,0,0,0,1,0,1,0,0,2
2157,14,645,4,1,0,0,0,1,1,0,0,0,0,1,0,0
2158,18,374,3,2,0,0,0,1,1,0,0,0,1,0,0,1
2159,5,404,0,3,0,1,0,0,0,1,0,0,1,0,0,1
2160,18,302,1,2,0,0,1,0,0,0,1,0,1,0,0,1
2161,27,552,3,1,0,0,1,0,0,1,0,0,0,1,0,0
2162,23,349,0,3,0,0,1,0,0,1,0,0,1,0,0,1
2163,17,521,0,3,0,0,1,0,0,0,0,1,1,0,0,0
2164,22,297,2,3,0,0,1,0,0,0,1,0,1,0,0,1
2165,19,720,2,2,0,0,1,0,0,1,0,0,0,1,0,2
2166,17,740,0,1,0,0,1,0,0,0,1,0,0,1,0,2
2167,19,805,0,2,0,1,0,0,0,1,0,0,0,1,0,2
2168,15,724,1,3,0,1,0,0,0,1,0,0,1,0,0,2
2169,12,434,0,3,0,1,0,0,0,0,1,0,1,0,0,0
2170,9,423,0,3,1,0,0,0,0,1,0,0,1,0,0,0
2171,21,665,1,3,0,1,0,0,0,1,0,0,0,1,0,2
2172,7,253,0,2,0,1,0,0,0,0,1,0,1,0,0,1
2173,9,591,0,2,1,0,0,0,0,1,0,0,0,0,1,0
2174,5,289,0,3,0,1,0,0,0,0,1,0,0,1,0,1
2175,28,721,1,3,0,0,1,0,0,0,1,0,1,0,0,2
2176,23,329,1,3,0,0,1,0,0,1,0,0,0,1,0,1
2177,24,235,1,2,0,0,1,0,0,0,1,0,0,1,0,1
2178,17,356,0,2,0,0,1,0,0,0,1,0,0,1,0,1
2179,7,291,0,3,1,0,0,0,0,1,0,0,0,0,1,1
2180,25,675,0,1,0,0,0,1,1,0,0,0,0,1,0,2
2181,5,679,0,3,0,1,0,0,0,1,0,0,1,0,0,2
2182,4,882,0,2,1,0,0,0,0,0,0,1,1,0,0,2
2183,25,786,2,2,0,0,1,0,0,0,1,0,0,1,0,2
2184,22,883,1,3,0,0,1,0,0,0,1,0,1,0,0,2
2185,10,650,0,3,1,0,0,0,0,0,0,1,0,1,0,2
2186,8,255,0,1,0,1,0,0,0,1,0,0,1,0,0,1
2187,17,498,1,3,0,1,0,0,0,1,0,0,1,0,0,0
2188,20,562,1,4,0,1,0,0,0,0,1,0,1,0,0,0
2189,10,189,0,4,0,1,0,0,0,1,0,0,1,0,0,1
2190,8,514,0,2,1,0,0,0,1,0,0,0,0,0,1,0
2191,26,769,0,2,0,1,0,0,0,1,0,0,1,0,0,2
2192,19,805,0,2,0,1,0,0,0,1,0,0,0,1,0,2
2193,23,729,0,3,0,0,1,0,0,1,0,0,1,0,0,2
2194,6,684,0,2,1,0,0,0,1,0,0,0,1,0,0,2
2195,15,808,0,3,0,1,0,0,0,1,0,0,1,0,0,2
2196,20,873,0,3,0,0,1,0,0,1,0,0,1,0,0,2
2197,10,284,1,4,0,1,0,0,0,0,1,0,1,0,0,1
2198,5,755,0,3,1,0,0,0,0,0,1,0,0,0,1,2
2199,6,535,0,3,0,1,0,0,0,0,1,0,1,0,0,0
2200,22,687,0,2,0,1,0,0,0,0,1,0,0,1,0,2
2201,18,330,0,2,0,0,0,1,0,1,0,0,1,0,0,1
2202,7,245,0,3,0,1,0,0,0,0,0,1,0,1,0,1
2203,19,811,0,1,0,0,1,0,1,0,0,0,0,1,0,2
2204,1,520,0,3,1,0,0,0,0,1,0,0,1,0,0,0
2205,4,742,0,4,0,1,0,0,0,0,1,0,1,0,0,2
2206,7,651,0,3,1,0,0,0,1,0,0,0,1,0,0,2
2207,17,271,0,1,0,0,1,0,0,0,0,1,0,1,0,1
2208,4,561,0,3,1,0,0,0,0,1,0,0,1,0,0,0
2209,17,809,0,3,0,1,0,0,1,0,0,0,0,1,0,2
2210,18,401,0,3,0,0,1,0,0,1,0,0,1,0,0,1
2211,21,546,2,1,0,0,1,0,1,0,0,0,0,1,0,0
2212,11,604,0,3,1,0,0,0,0,1,0,0,0,1,0,0
2213,9,190,0,5,0,1,0,0,0,0,1,0,0,1,0,1
2214,22,357,1,2,0,1,0,0,0,1,0,0,0,1,0,1
2215,22,827,0,4,0,0,1,0,0,1,0,0,1,0,0,2
2216,26,648,0,4,0,0,1,0,0,1,0,0,1,0,0,0
2217,19,669,0,2,0,0,1,0,0,0,1,0,1,0,0,2
2218,1,872,1,2,0,1,0,0,0,1,0,0,0,1,0,2
2219,7,228,0,4,1,0,0,0,0,1,0,0,1,0,0,1
2220,9,656,1,2,1,0,0,0,1,0,0,0,1,0,0,2
2221,27,863,0,1,0,1,0,0,0,1,0,0,0,1,0,2
2222,4,867,0,1,1,0,0,0,1,0,0,0,1,0,0,2
2223,4,549,0,3,0,1,0,0,0,1,0,0,1,0,0,0
2224,18,567,0,3,0,0,1,0,0,0,1,0,1,0,0,0
2225,22,205,1,5,0,0,1,0,0,0,0,1,0,1,0,1
2226,19,341,1,1,0,1,0,0,0,1,0,0,1,0,0,1
2227,23,342,0,3,0,0,1,0,0,0,1,0,0,1,0,1
2228,11,808,0,4,0,1,0,0,0,0,1,0,0,1,0,2
